"Year","Site","Block","Paddock","Drought","Grazing","Plot","slope_simple","npp_type","npp_gm2"
2018,"TB",1,1,0,"MMMMM",15,2,"ANPP",159.15
2018,"TB",1,1,0,"MMMMM",15,2,"BNPP",NA
2018,"TB",1,1,0,"MMMMM",15,2,"totNPP",NA
2018,"TB",1,1,0,"MMMMM",17,2,"ANPP",107.5
2018,"TB",1,1,0,"MMMMM",17,2,"BNPP",NA
2018,"TB",1,1,0,"MMMMM",17,2,"totNPP",NA
2018,"TB",1,1,25,"MMMMM",16,2,"ANPP",202.5
2018,"TB",1,1,25,"MMMMM",16,2,"BNPP",NA
2018,"TB",1,1,25,"MMMMM",16,2,"totNPP",NA
2018,"TB",1,1,50,"MMMMM",13,2,"ANPP",167.75
2018,"TB",1,1,50,"MMMMM",13,2,"BNPP",NA
2018,"TB",1,1,50,"MMMMM",13,2,"totNPP",NA
2018,"TB",1,1,75,"MMMMM",14,2,"ANPP",228.55
2018,"TB",1,1,75,"MMMMM",14,2,"BNPP",NA
2018,"TB",1,1,75,"MMMMM",14,2,"totNPP",NA
2018,"TB",1,1,99,"MMMMM",18,2,"ANPP",144.35
2018,"TB",1,1,99,"MMMMM",18,2,"BNPP",NA
2018,"TB",1,1,99,"MMMMM",18,2,"totNPP",NA
2018,"TB",1,3,0,"MLLMM",7,1,"ANPP",115.45
2018,"TB",1,3,0,"MLLMM",7,1,"BNPP",NA
2018,"TB",1,3,0,"MLLMM",7,1,"totNPP",NA
2018,"TB",1,3,0,"MLLMM",9,1,"ANPP",106.45
2018,"TB",1,3,0,"MLLMM",9,1,"BNPP",NA
2018,"TB",1,3,0,"MLLMM",9,1,"totNPP",NA
2018,"TB",1,3,25,"MLLMM",12,1,"ANPP",83.85
2018,"TB",1,3,25,"MLLMM",12,1,"BNPP",NA
2018,"TB",1,3,25,"MLLMM",12,1,"totNPP",NA
2018,"TB",1,3,50,"MLLMM",11,1,"ANPP",77.5
2018,"TB",1,3,50,"MLLMM",11,1,"BNPP",NA
2018,"TB",1,3,50,"MLLMM",11,1,"totNPP",NA
2018,"TB",1,3,75,"MLLMM",8,1,"ANPP",70.3
2018,"TB",1,3,75,"MLLMM",8,1,"BNPP",NA
2018,"TB",1,3,75,"MLLMM",8,1,"totNPP",NA
2018,"TB",1,3,99,"MLLMM",10,1,"ANPP",143.5
2018,"TB",1,3,99,"MLLMM",10,1,"BNPP",NA
2018,"TB",1,3,99,"MLLMM",10,1,"totNPP",NA
2018,"TB",2,1,0,"MMMMM",25,1,"ANPP",58.5
2018,"TB",2,1,0,"MMMMM",25,1,"BNPP",NA
2018,"TB",2,1,0,"MMMMM",25,1,"totNPP",NA
2018,"TB",2,1,0,"MMMMM",29,1,"ANPP",108.5
2018,"TB",2,1,0,"MMMMM",29,1,"BNPP",NA
2018,"TB",2,1,0,"MMMMM",29,1,"totNPP",NA
2018,"TB",2,1,25,"MMMMM",30,1,"ANPP",155.45
2018,"TB",2,1,25,"MMMMM",30,1,"BNPP",NA
2018,"TB",2,1,25,"MMMMM",30,1,"totNPP",NA
2018,"TB",2,1,50,"MMMMM",27,1,"ANPP",100.05
2018,"TB",2,1,50,"MMMMM",27,1,"BNPP",NA
2018,"TB",2,1,50,"MMMMM",27,1,"totNPP",NA
2018,"TB",2,1,75,"MMMMM",26,1,"ANPP",38.55
2018,"TB",2,1,75,"MMMMM",26,1,"BNPP",NA
2018,"TB",2,1,75,"MMMMM",26,1,"totNPP",NA
2018,"TB",2,1,99,"MMMMM",28,1,"ANPP",57.35
2018,"TB",2,1,99,"MMMMM",28,1,"BNPP",NA
2018,"TB",2,1,99,"MMMMM",28,1,"totNPP",NA
2018,"TB",2,3,0,"MLLMM",34,2,"ANPP",96.1
2018,"TB",2,3,0,"MLLMM",34,2,"BNPP",NA
2018,"TB",2,3,0,"MLLMM",34,2,"totNPP",NA
2018,"TB",2,3,0,"MLLMM",36,2,"ANPP",68.2
2018,"TB",2,3,0,"MLLMM",36,2,"BNPP",NA
2018,"TB",2,3,0,"MLLMM",36,2,"totNPP",NA
2018,"TB",2,3,25,"MLLMM",32,2,"ANPP",87.4
2018,"TB",2,3,25,"MLLMM",32,2,"BNPP",NA
2018,"TB",2,3,25,"MLLMM",32,2,"totNPP",NA
2018,"TB",2,3,50,"MLLMM",35,2,"ANPP",111.55
2018,"TB",2,3,50,"MLLMM",35,2,"BNPP",NA
2018,"TB",2,3,50,"MLLMM",35,2,"totNPP",NA
2018,"TB",2,3,75,"MLLMM",33,2,"ANPP",107
2018,"TB",2,3,75,"MLLMM",33,2,"BNPP",NA
2018,"TB",2,3,75,"MLLMM",33,2,"totNPP",NA
2018,"TB",2,3,99,"MLLMM",31,2,"ANPP",121.15
2018,"TB",2,3,99,"MLLMM",31,2,"BNPP",NA
2018,"TB",2,3,99,"MLLMM",31,2,"totNPP",NA
2018,"TB",3,1,0,"MMMMM",52,2,"ANPP",134.45
2018,"TB",3,1,0,"MMMMM",52,2,"BNPP",NA
2018,"TB",3,1,0,"MMMMM",52,2,"totNPP",NA
2018,"TB",3,1,0,"MMMMM",53,2,"ANPP",119.75
2018,"TB",3,1,0,"MMMMM",53,2,"BNPP",NA
2018,"TB",3,1,0,"MMMMM",53,2,"totNPP",NA
2018,"TB",3,1,25,"MMMMM",50,2,"ANPP",138.95
2018,"TB",3,1,25,"MMMMM",50,2,"BNPP",NA
2018,"TB",3,1,25,"MMMMM",50,2,"totNPP",NA
2018,"TB",3,1,50,"MMMMM",49,2,"ANPP",167.5
2018,"TB",3,1,50,"MMMMM",49,2,"BNPP",NA
2018,"TB",3,1,50,"MMMMM",49,2,"totNPP",NA
2018,"TB",3,1,75,"MMMMM",54,2,"ANPP",111
2018,"TB",3,1,75,"MMMMM",54,2,"BNPP",NA
2018,"TB",3,1,75,"MMMMM",54,2,"totNPP",NA
2018,"TB",3,1,99,"MMMMM",51,2,"ANPP",160.5
2018,"TB",3,1,99,"MMMMM",51,2,"BNPP",NA
2018,"TB",3,1,99,"MMMMM",51,2,"totNPP",NA
2018,"TB",3,2,0,"HHMMM",43,1,"ANPP",133.75
2018,"TB",3,2,0,"HHMMM",43,1,"BNPP",NA
2018,"TB",3,2,0,"HHMMM",43,1,"totNPP",NA
2018,"TB",3,2,0,"HHMMM",48,1,"ANPP",144.5
2018,"TB",3,2,0,"HHMMM",48,1,"BNPP",NA
2018,"TB",3,2,0,"HHMMM",48,1,"totNPP",NA
2018,"TB",3,2,25,"HHMMM",44,1,"ANPP",155.25
2018,"TB",3,2,25,"HHMMM",44,1,"BNPP",NA
2018,"TB",3,2,25,"HHMMM",44,1,"totNPP",NA
2018,"TB",3,2,50,"HHMMM",45,1,"ANPP",127.25
2018,"TB",3,2,50,"HHMMM",45,1,"BNPP",NA
2018,"TB",3,2,50,"HHMMM",45,1,"totNPP",NA
2018,"TB",3,2,75,"HHMMM",46,1,"ANPP",142.1
2018,"TB",3,2,75,"HHMMM",46,1,"BNPP",NA
2018,"TB",3,2,75,"HHMMM",46,1,"totNPP",NA
2018,"TB",3,2,99,"HHMMM",47,1,"ANPP",190.85
2018,"TB",3,2,99,"HHMMM",47,1,"BNPP",NA
2018,"TB",3,2,99,"HHMMM",47,1,"totNPP",NA
2018,"TB",3,3,0,"MLLMM",39,1,"ANPP",155.25
2018,"TB",3,3,0,"MLLMM",39,1,"BNPP",NA
2018,"TB",3,3,0,"MLLMM",39,1,"totNPP",NA
2018,"TB",3,3,0,"MLLMM",41,1,"ANPP",147.1
2018,"TB",3,3,0,"MLLMM",41,1,"BNPP",NA
2018,"TB",3,3,0,"MLLMM",41,1,"totNPP",NA
2018,"TB",3,3,25,"MLLMM",38,1,"ANPP",138.25
2018,"TB",3,3,25,"MLLMM",38,1,"BNPP",NA
2018,"TB",3,3,25,"MLLMM",38,1,"totNPP",NA
2018,"TB",3,3,50,"MLLMM",42,1,"ANPP",186
2018,"TB",3,3,50,"MLLMM",42,1,"BNPP",NA
2018,"TB",3,3,50,"MLLMM",42,1,"totNPP",NA
2018,"TB",3,3,75,"MLLMM",37,1,"ANPP",153.95
2018,"TB",3,3,75,"MLLMM",37,1,"BNPP",NA
2018,"TB",3,3,75,"MLLMM",37,1,"totNPP",NA
2018,"TB",3,3,99,"MLLMM",40,1,"ANPP",206.65
2018,"TB",3,3,99,"MLLMM",40,1,"BNPP",NA
2018,"TB",3,3,99,"MLLMM",40,1,"totNPP",NA
2019,"TB",1,1,0,"MMMMM",15,2,"ANPP",149
2019,"TB",1,1,0,"MMMMM",15,2,"BNPP",114.039217887519
2019,"TB",1,1,0,"MMMMM",15,2,"totNPP",263.039217887519
2019,"TB",1,1,0,"MMMMM",17,2,"ANPP",199.8
2019,"TB",1,1,0,"MMMMM",17,2,"BNPP",89.4593947609419
2019,"TB",1,1,0,"MMMMM",17,2,"totNPP",289.259394760942
2019,"TB",1,1,25,"MMMMM",16,2,"ANPP",158.3
2019,"TB",1,1,25,"MMMMM",16,2,"BNPP",81.1210690743759
2019,"TB",1,1,25,"MMMMM",16,2,"totNPP",239.421069074376
2019,"TB",1,1,50,"MMMMM",13,2,"ANPP",123.5
2019,"TB",1,1,50,"MMMMM",13,2,"BNPP",214.634638390848
2019,"TB",1,1,50,"MMMMM",13,2,"totNPP",338.134638390848
2019,"TB",1,1,75,"MMMMM",14,2,"ANPP",128.6
2019,"TB",1,1,75,"MMMMM",14,2,"BNPP",133.997924928523
2019,"TB",1,1,75,"MMMMM",14,2,"totNPP",262.597924928523
2019,"TB",1,1,99,"MMMMM",18,2,"ANPP",122.6
2019,"TB",1,1,99,"MMMMM",18,2,"BNPP",183.992849426327
2019,"TB",1,1,99,"MMMMM",18,2,"totNPP",306.592849426327
2019,"TB",1,2,0,"HHMMM",3,1,"ANPP",50.8
2019,"TB",1,2,0,"HHMMM",3,1,"BNPP",113.884418770815
2019,"TB",1,2,0,"HHMMM",3,1,"totNPP",164.684418770815
2019,"TB",1,2,0,"HHMMM",4,1,"ANPP",116.5
2019,"TB",1,2,0,"HHMMM",4,1,"BNPP",136.825302876219
2019,"TB",1,2,0,"HHMMM",4,1,"totNPP",253.325302876219
2019,"TB",1,2,25,"HHMMM",6,1,"ANPP",90.1
2019,"TB",1,2,25,"HHMMM",6,1,"BNPP",126.128983238416
2019,"TB",1,2,25,"HHMMM",6,1,"totNPP",216.228983238416
2019,"TB",1,2,50,"HHMMM",5,1,"ANPP",139.5
2019,"TB",1,2,50,"HHMMM",5,1,"BNPP",308.14271995352
2019,"TB",1,2,50,"HHMMM",5,1,"totNPP",447.64271995352
2019,"TB",1,2,75,"HHMMM",1,1,"ANPP",191.5
2019,"TB",1,2,75,"HHMMM",1,1,"BNPP",153.028785567671
2019,"TB",1,2,75,"HHMMM",1,1,"totNPP",344.528785567671
2019,"TB",1,2,99,"HHMMM",2,1,"ANPP",135
2019,"TB",1,2,99,"HHMMM",2,1,"BNPP",220.811505201871
2019,"TB",1,2,99,"HHMMM",2,1,"totNPP",355.811505201871
2019,"TB",1,3,0,"MLLMM",7,1,"ANPP",118.1
2019,"TB",1,3,0,"MLLMM",7,1,"BNPP",251.11026184274
2019,"TB",1,3,0,"MLLMM",7,1,"totNPP",369.21026184274
2019,"TB",1,3,0,"MLLMM",9,1,"ANPP",120.1
2019,"TB",1,3,0,"MLLMM",9,1,"BNPP",160.356313071357
2019,"TB",1,3,0,"MLLMM",9,1,"totNPP",280.456313071357
2019,"TB",1,3,25,"MLLMM",12,1,"ANPP",130.2
2019,"TB",1,3,25,"MLLMM",12,1,"BNPP",165.450580333866
2019,"TB",1,3,25,"MLLMM",12,1,"totNPP",295.650580333866
2019,"TB",1,3,50,"MLLMM",11,1,"ANPP",162
2019,"TB",1,3,50,"MLLMM",11,1,"BNPP",135.435463957577
2019,"TB",1,3,50,"MLLMM",11,1,"totNPP",297.435463957577
2019,"TB",1,3,75,"MLLMM",8,1,"ANPP",86.9
2019,"TB",1,3,75,"MLLMM",8,1,"BNPP",189.216330844605
2019,"TB",1,3,75,"MLLMM",8,1,"totNPP",276.116330844605
2019,"TB",1,3,99,"MLLMM",10,1,"ANPP",90.5
2019,"TB",1,3,99,"MLLMM",10,1,"BNPP",180.968779976059
2019,"TB",1,3,99,"MLLMM",10,1,"totNPP",271.468779976059
2019,"TB",2,1,0,"MMMMM",25,1,"ANPP",45
2019,"TB",2,1,0,"MMMMM",25,1,"BNPP",98.0267125491603
2019,"TB",2,1,0,"MMMMM",25,1,"totNPP",143.02671254916
2019,"TB",2,1,0,"MMMMM",29,1,"ANPP",125
2019,"TB",2,1,0,"MMMMM",29,1,"BNPP",124.805284450216
2019,"TB",2,1,0,"MMMMM",29,1,"totNPP",249.805284450216
2019,"TB",2,1,25,"MMMMM",30,1,"ANPP",117.8
2019,"TB",2,1,25,"MMMMM",30,1,"BNPP",116.24482198216
2019,"TB",2,1,25,"MMMMM",30,1,"totNPP",234.04482198216
2019,"TB",2,1,50,"MMMMM",27,1,"ANPP",63.6
2019,"TB",2,1,50,"MMMMM",27,1,"BNPP",149.532169974319
2019,"TB",2,1,50,"MMMMM",27,1,"totNPP",213.132169974319
2019,"TB",2,1,75,"MMMMM",26,1,"ANPP",63.2
2019,"TB",2,1,75,"MMMMM",26,1,"BNPP",109.112231784939
2019,"TB",2,1,75,"MMMMM",26,1,"totNPP",172.312231784939
2019,"TB",2,1,99,"MMMMM",28,1,"ANPP",281.2
2019,"TB",2,1,99,"MMMMM",28,1,"BNPP",91.5549414309764
2019,"TB",2,1,99,"MMMMM",28,1,"totNPP",372.754941430976
2019,"TB",2,2,0,"HHMMM",20,2,"ANPP",122.6
2019,"TB",2,2,0,"HHMMM",20,2,"BNPP",127.843508387574
2019,"TB",2,2,0,"HHMMM",20,2,"totNPP",250.443508387574
2019,"TB",2,2,0,"HHMMM",23,2,"ANPP",64.5
2019,"TB",2,2,0,"HHMMM",23,2,"BNPP",123.096616931538
2019,"TB",2,2,0,"HHMMM",23,2,"totNPP",187.596616931538
2019,"TB",2,2,25,"HHMMM",24,2,"ANPP",71.2
2019,"TB",2,2,25,"HHMMM",24,2,"BNPP",120.512340039774
2019,"TB",2,2,25,"HHMMM",24,2,"totNPP",191.712340039774
2019,"TB",2,2,50,"HHMMM",19,2,"ANPP",55.4
2019,"TB",2,2,50,"HHMMM",19,2,"BNPP",150.971810200347
2019,"TB",2,2,50,"HHMMM",19,2,"totNPP",206.371810200347
2019,"TB",2,2,75,"HHMMM",22,2,"ANPP",40.7
2019,"TB",2,2,75,"HHMMM",22,2,"BNPP",116.63578134563
2019,"TB",2,2,75,"HHMMM",22,2,"totNPP",157.33578134563
2019,"TB",2,2,99,"HHMMM",21,2,"ANPP",51.5
2019,"TB",2,2,99,"HHMMM",21,2,"BNPP",129.754322532043
2019,"TB",2,2,99,"HHMMM",21,2,"totNPP",181.254322532043
2019,"TB",2,3,0,"MLLMM",34,2,"ANPP",83.1
2019,"TB",2,3,0,"MLLMM",34,2,"BNPP",120.805260423124
2019,"TB",2,3,0,"MLLMM",34,2,"totNPP",203.905260423124
2019,"TB",2,3,0,"MLLMM",36,2,"ANPP",46.1
2019,"TB",2,3,0,"MLLMM",36,2,"BNPP",173.170588635704
2019,"TB",2,3,0,"MLLMM",36,2,"totNPP",219.270588635704
2019,"TB",2,3,25,"MLLMM",32,2,"ANPP",108.5
2019,"TB",2,3,25,"MLLMM",32,2,"BNPP",177.296901539404
2019,"TB",2,3,25,"MLLMM",32,2,"totNPP",285.796901539404
2019,"TB",2,3,50,"MLLMM",35,2,"ANPP",45
2019,"TB",2,3,50,"MLLMM",35,2,"BNPP",132.847055305331
2019,"TB",2,3,50,"MLLMM",35,2,"totNPP",177.847055305331
2019,"TB",2,3,75,"MLLMM",33,2,"ANPP",97.9
2019,"TB",2,3,75,"MLLMM",33,2,"BNPP",132.138538689419
2019,"TB",2,3,75,"MLLMM",33,2,"totNPP",230.038538689419
2019,"TB",2,3,99,"MLLMM",31,2,"ANPP",86.4
2019,"TB",2,3,99,"MLLMM",31,2,"BNPP",144.370233120408
2019,"TB",2,3,99,"MLLMM",31,2,"totNPP",230.770233120408
2019,"TB",3,1,0,"MMMMM",52,2,"ANPP",108.9
2019,"TB",3,1,0,"MMMMM",52,2,"BNPP",107.245724733722
2019,"TB",3,1,0,"MMMMM",52,2,"totNPP",216.145724733722
2019,"TB",3,1,0,"MMMMM",53,2,"ANPP",109.5
2019,"TB",3,1,0,"MMMMM",53,2,"BNPP",133.296403609965
2019,"TB",3,1,0,"MMMMM",53,2,"totNPP",242.796403609965
2019,"TB",3,1,25,"MMMMM",50,2,"ANPP",147.3
2019,"TB",3,1,25,"MMMMM",50,2,"BNPP",138.853744470927
2019,"TB",3,1,25,"MMMMM",50,2,"totNPP",286.153744470927
2019,"TB",3,1,50,"MMMMM",49,2,"ANPP",148.5
2019,"TB",3,1,50,"MMMMM",49,2,"BNPP",100.456872111653
2019,"TB",3,1,50,"MMMMM",49,2,"totNPP",248.956872111653
2019,"TB",3,1,75,"MMMMM",54,2,"ANPP",151.5
2019,"TB",3,1,75,"MMMMM",54,2,"BNPP",106.475071640786
2019,"TB",3,1,75,"MMMMM",54,2,"totNPP",257.975071640786
2019,"TB",3,1,99,"MMMMM",51,2,"ANPP",98.7
2019,"TB",3,1,99,"MMMMM",51,2,"BNPP",71.3180373547807
2019,"TB",3,1,99,"MMMMM",51,2,"totNPP",170.018037354781
2019,"TB",3,2,0,"HHMMM",43,1,"ANPP",165.8
2019,"TB",3,2,0,"HHMMM",43,1,"BNPP",159.071157136792
2019,"TB",3,2,0,"HHMMM",43,1,"totNPP",324.871157136792
2019,"TB",3,2,0,"HHMMM",48,1,"ANPP",120.6
2019,"TB",3,2,0,"HHMMM",48,1,"BNPP",167.647173354349
2019,"TB",3,2,0,"HHMMM",48,1,"totNPP",288.247173354349
2019,"TB",3,2,25,"HHMMM",44,1,"ANPP",215
2019,"TB",3,2,25,"HHMMM",44,1,"BNPP",154.94275819286
2019,"TB",3,2,25,"HHMMM",44,1,"totNPP",369.94275819286
2019,"TB",3,2,50,"HHMMM",45,1,"ANPP",115.5
2019,"TB",3,2,50,"HHMMM",45,1,"BNPP",123.998474215632
2019,"TB",3,2,50,"HHMMM",45,1,"totNPP",239.498474215632
2019,"TB",3,2,75,"HHMMM",46,1,"ANPP",108.2
2019,"TB",3,2,75,"HHMMM",46,1,"BNPP",204.826321109506
2019,"TB",3,2,75,"HHMMM",46,1,"totNPP",313.026321109506
2019,"TB",3,2,99,"HHMMM",47,1,"ANPP",97.3
2019,"TB",3,2,99,"HHMMM",47,1,"BNPP",130.703006629288
2019,"TB",3,2,99,"HHMMM",47,1,"totNPP",228.003006629289
2019,"TB",3,3,0,"MLLMM",39,1,"ANPP",102.6
2019,"TB",3,3,0,"MLLMM",39,1,"BNPP",106.113705427099
2019,"TB",3,3,0,"MLLMM",39,1,"totNPP",208.713705427099
2019,"TB",3,3,0,"MLLMM",41,1,"ANPP",179
2019,"TB",3,3,0,"MLLMM",41,1,"BNPP",172.789216550104
2019,"TB",3,3,0,"MLLMM",41,1,"totNPP",351.789216550104
2019,"TB",3,3,25,"MLLMM",38,1,"ANPP",95.2
2019,"TB",3,3,25,"MLLMM",38,1,"BNPP",122.207000385826
2019,"TB",3,3,25,"MLLMM",38,1,"totNPP",217.407000385826
2019,"TB",3,3,50,"MLLMM",42,1,"ANPP",209.5
2019,"TB",3,3,50,"MLLMM",42,1,"BNPP",155.999385852832
2019,"TB",3,3,50,"MLLMM",42,1,"totNPP",365.499385852832
2019,"TB",3,3,75,"MLLMM",37,1,"ANPP",104.9
2019,"TB",3,3,75,"MLLMM",37,1,"BNPP",196.738401055006
2019,"TB",3,3,75,"MLLMM",37,1,"totNPP",301.638401055007
2019,"TB",3,3,99,"MLLMM",40,1,"ANPP",140.6
2019,"TB",3,3,99,"MLLMM",40,1,"BNPP",84.7210169229338
2019,"TB",3,3,99,"MLLMM",40,1,"totNPP",225.321016922934
2020,"TB",1,1,0,"MMMMM",15,2,"ANPP",66.6
2020,"TB",1,1,0,"MMMMM",15,2,"BNPP",220.151177198118
2020,"TB",1,1,0,"MMMMM",15,2,"totNPP",286.751177198118
2020,"TB",1,1,0,"MMMMM",17,2,"ANPP",55.75
2020,"TB",1,1,0,"MMMMM",17,2,"BNPP",200.128735694002
2020,"TB",1,1,0,"MMMMM",17,2,"totNPP",255.878735694002
2020,"TB",1,1,25,"MMMMM",16,2,"ANPP",76.15
2020,"TB",1,1,25,"MMMMM",16,2,"BNPP",223.918268630011
2020,"TB",1,1,25,"MMMMM",16,2,"totNPP",300.068268630011
2020,"TB",1,1,50,"MMMMM",13,2,"ANPP",47.05
2020,"TB",1,1,50,"MMMMM",13,2,"BNPP",193.794301479785
2020,"TB",1,1,50,"MMMMM",13,2,"totNPP",240.844301479785
2020,"TB",1,1,75,"MMMMM",14,2,"ANPP",36.9
2020,"TB",1,1,75,"MMMMM",14,2,"BNPP",140.958440138309
2020,"TB",1,1,75,"MMMMM",14,2,"totNPP",177.858440138309
2020,"TB",1,1,99,"MMMMM",18,2,"ANPP",70.75
2020,"TB",1,1,99,"MMMMM",18,2,"BNPP",215.12564818559
2020,"TB",1,1,99,"MMMMM",18,2,"totNPP",285.87564818559
2020,"TB",1,2,0,"HHMMM",3,1,"ANPP",64.25
2020,"TB",1,2,0,"HHMMM",3,1,"BNPP",90.5985286812786
2020,"TB",1,2,0,"HHMMM",3,1,"totNPP",154.848528681279
2020,"TB",1,2,0,"HHMMM",4,1,"ANPP",52.25
2020,"TB",1,2,0,"HHMMM",4,1,"BNPP",NA
2020,"TB",1,2,0,"HHMMM",4,1,"totNPP",NA
2020,"TB",1,2,25,"HHMMM",6,1,"ANPP",91
2020,"TB",1,2,25,"HHMMM",6,1,"BNPP",132.584625435118
2020,"TB",1,2,25,"HHMMM",6,1,"totNPP",223.584625435118
2020,"TB",1,2,50,"HHMMM",5,1,"ANPP",73.55
2020,"TB",1,2,50,"HHMMM",5,1,"BNPP",171.198448932928
2020,"TB",1,2,50,"HHMMM",5,1,"totNPP",244.748448932928
2020,"TB",1,2,75,"HHMMM",1,1,"ANPP",40
2020,"TB",1,2,75,"HHMMM",1,1,"BNPP",83.532540905607
2020,"TB",1,2,75,"HHMMM",1,1,"totNPP",123.532540905607
2020,"TB",1,2,99,"HHMMM",2,1,"ANPP",37.85
2020,"TB",1,2,99,"HHMMM",2,1,"BNPP",109.437842749646
2020,"TB",1,2,99,"HHMMM",2,1,"totNPP",147.287842749646
2020,"TB",1,3,0,"MLLMM",7,1,"ANPP",45
2020,"TB",1,3,0,"MLLMM",7,1,"BNPP",149.504002562474
2020,"TB",1,3,0,"MLLMM",7,1,"totNPP",194.504002562474
2020,"TB",1,3,0,"MLLMM",9,1,"ANPP",29
2020,"TB",1,3,0,"MLLMM",9,1,"BNPP",142.437615765291
2020,"TB",1,3,0,"MLLMM",9,1,"totNPP",171.437615765291
2020,"TB",1,3,25,"MLLMM",12,1,"ANPP",49.3
2020,"TB",1,3,25,"MLLMM",12,1,"BNPP",162.901142410457
2020,"TB",1,3,25,"MLLMM",12,1,"totNPP",212.201142410457
2020,"TB",1,3,50,"MLLMM",11,1,"ANPP",40.3
2020,"TB",1,3,50,"MLLMM",11,1,"BNPP",113.898963194544
2020,"TB",1,3,50,"MLLMM",11,1,"totNPP",154.198963194544
2020,"TB",1,3,75,"MLLMM",8,1,"ANPP",36.95
2020,"TB",1,3,75,"MLLMM",8,1,"BNPP",104.216025303915
2020,"TB",1,3,75,"MLLMM",8,1,"totNPP",141.166025303915
2020,"TB",1,3,99,"MLLMM",10,1,"ANPP",33.3
2020,"TB",1,3,99,"MLLMM",10,1,"BNPP",152.385447138817
2020,"TB",1,3,99,"MLLMM",10,1,"totNPP",185.685447138817
2020,"TB",2,1,0,"MMMMM",25,1,"ANPP",31.1
2020,"TB",2,1,0,"MMMMM",25,1,"BNPP",129.149916910542
2020,"TB",2,1,0,"MMMMM",25,1,"totNPP",160.249916910542
2020,"TB",2,1,0,"MMMMM",29,1,"ANPP",36.8
2020,"TB",2,1,0,"MMMMM",29,1,"BNPP",201.718390463681
2020,"TB",2,1,0,"MMMMM",29,1,"totNPP",238.518390463681
2020,"TB",2,1,25,"MMMMM",30,1,"ANPP",60.3
2020,"TB",2,1,25,"MMMMM",30,1,"BNPP",200.223305499676
2020,"TB",2,1,25,"MMMMM",30,1,"totNPP",260.523305499676
2020,"TB",2,1,50,"MMMMM",27,1,"ANPP",33.45
2020,"TB",2,1,50,"MMMMM",27,1,"BNPP",163.857313500721
2020,"TB",2,1,50,"MMMMM",27,1,"totNPP",197.307313500721
2020,"TB",2,1,75,"MMMMM",26,1,"ANPP",29.05
2020,"TB",2,1,75,"MMMMM",26,1,"BNPP",147.129425454588
2020,"TB",2,1,75,"MMMMM",26,1,"totNPP",176.179425454588
2020,"TB",2,1,99,"MMMMM",28,1,"ANPP",16.7
2020,"TB",2,1,99,"MMMMM",28,1,"BNPP",182.857685297899
2020,"TB",2,1,99,"MMMMM",28,1,"totNPP",199.557685297899
2020,"TB",2,2,0,"HHMMM",20,2,"ANPP",39.1
2020,"TB",2,2,0,"HHMMM",20,2,"BNPP",192.885483085531
2020,"TB",2,2,0,"HHMMM",20,2,"totNPP",231.985483085531
2020,"TB",2,2,0,"HHMMM",23,2,"ANPP",34.95
2020,"TB",2,2,0,"HHMMM",23,2,"BNPP",291.657349198648
2020,"TB",2,2,0,"HHMMM",23,2,"totNPP",326.607349198648
2020,"TB",2,2,25,"HHMMM",24,2,"ANPP",19.7
2020,"TB",2,2,25,"HHMMM",24,2,"BNPP",219.333337774819
2020,"TB",2,2,25,"HHMMM",24,2,"totNPP",239.033337774819
2020,"TB",2,2,50,"HHMMM",19,2,"ANPP",34.2
2020,"TB",2,2,50,"HHMMM",19,2,"BNPP",205.167861408561
2020,"TB",2,2,50,"HHMMM",19,2,"totNPP",239.367861408561
2020,"TB",2,2,75,"HHMMM",22,2,"ANPP",15.9
2020,"TB",2,2,75,"HHMMM",22,2,"BNPP",194.593213850618
2020,"TB",2,2,75,"HHMMM",22,2,"totNPP",210.493213850618
2020,"TB",2,2,99,"HHMMM",21,2,"ANPP",23.5
2020,"TB",2,2,99,"HHMMM",21,2,"BNPP",180.182069760017
2020,"TB",2,2,99,"HHMMM",21,2,"totNPP",203.682069760017
2020,"TB",2,3,0,"MLLMM",34,2,"ANPP",40.95
2020,"TB",2,3,0,"MLLMM",34,2,"BNPP",332.255383343792
2020,"TB",2,3,0,"MLLMM",34,2,"totNPP",373.205383343792
2020,"TB",2,3,0,"MLLMM",36,2,"ANPP",34.3
2020,"TB",2,3,0,"MLLMM",36,2,"BNPP",305.753686511827
2020,"TB",2,3,0,"MLLMM",36,2,"totNPP",340.053686511827
2020,"TB",2,3,25,"MLLMM",32,2,"ANPP",41.8
2020,"TB",2,3,25,"MLLMM",32,2,"BNPP",219.68477081941
2020,"TB",2,3,25,"MLLMM",32,2,"totNPP",261.48477081941
2020,"TB",2,3,50,"MLLMM",35,2,"ANPP",29.7
2020,"TB",2,3,50,"MLLMM",35,2,"BNPP",146.74909883803
2020,"TB",2,3,50,"MLLMM",35,2,"totNPP",176.44909883803
2020,"TB",2,3,75,"MLLMM",33,2,"ANPP",46.95
2020,"TB",2,3,75,"MLLMM",33,2,"BNPP",248.041277988725
2020,"TB",2,3,75,"MLLMM",33,2,"totNPP",294.991277988725
2020,"TB",2,3,99,"MLLMM",31,2,"ANPP",23.7
2020,"TB",2,3,99,"MLLMM",31,2,"BNPP",178.492597875306
2020,"TB",2,3,99,"MLLMM",31,2,"totNPP",202.192597875306
2020,"TB",3,1,0,"MMMMM",52,2,"ANPP",35.1
2020,"TB",3,1,0,"MMMMM",52,2,"BNPP",168.936895266944
2020,"TB",3,1,0,"MMMMM",52,2,"totNPP",204.036895266944
2020,"TB",3,1,0,"MMMMM",53,2,"ANPP",31.9
2020,"TB",3,1,0,"MMMMM",53,2,"BNPP",185.601074342257
2020,"TB",3,1,0,"MMMMM",53,2,"totNPP",217.501074342257
2020,"TB",3,1,25,"MMMMM",50,2,"ANPP",25.65
2020,"TB",3,1,25,"MMMMM",50,2,"BNPP",142.767997834548
2020,"TB",3,1,25,"MMMMM",50,2,"totNPP",168.417997834548
2020,"TB",3,1,50,"MMMMM",49,2,"ANPP",36.8
2020,"TB",3,1,50,"MMMMM",49,2,"BNPP",127.808849556354
2020,"TB",3,1,50,"MMMMM",49,2,"totNPP",164.608849556354
2020,"TB",3,1,75,"MMMMM",54,2,"ANPP",39.9
2020,"TB",3,1,75,"MMMMM",54,2,"BNPP",185.17907107963
2020,"TB",3,1,75,"MMMMM",54,2,"totNPP",225.07907107963
2020,"TB",3,1,99,"MMMMM",51,2,"ANPP",23.4
2020,"TB",3,1,99,"MMMMM",51,2,"BNPP",136.853613230399
2020,"TB",3,1,99,"MMMMM",51,2,"totNPP",160.253613230399
2020,"TB",3,2,0,"HHMMM",43,1,"ANPP",41.4
2020,"TB",3,2,0,"HHMMM",43,1,"BNPP",143.656168009411
2020,"TB",3,2,0,"HHMMM",43,1,"totNPP",185.056168009411
2020,"TB",3,2,0,"HHMMM",48,1,"ANPP",27.65
2020,"TB",3,2,0,"HHMMM",48,1,"BNPP",142.598347839247
2020,"TB",3,2,0,"HHMMM",48,1,"totNPP",170.248347839247
2020,"TB",3,2,25,"HHMMM",44,1,"ANPP",24
2020,"TB",3,2,25,"HHMMM",44,1,"BNPP",118.862368241944
2020,"TB",3,2,25,"HHMMM",44,1,"totNPP",142.862368241944
2020,"TB",3,2,50,"HHMMM",45,1,"ANPP",24.85
2020,"TB",3,2,50,"HHMMM",45,1,"BNPP",119.444753563184
2020,"TB",3,2,50,"HHMMM",45,1,"totNPP",144.294753563184
2020,"TB",3,2,75,"HHMMM",46,1,"ANPP",28.15
2020,"TB",3,2,75,"HHMMM",46,1,"BNPP",87.5750694447307
2020,"TB",3,2,75,"HHMMM",46,1,"totNPP",115.725069444731
2020,"TB",3,2,99,"HHMMM",47,1,"ANPP",21.2
2020,"TB",3,2,99,"HHMMM",47,1,"BNPP",109.48653774705
2020,"TB",3,2,99,"HHMMM",47,1,"totNPP",130.68653774705
2020,"TB",3,3,0,"MLLMM",39,1,"ANPP",38
2020,"TB",3,3,0,"MLLMM",39,1,"BNPP",NA
2020,"TB",3,3,0,"MLLMM",39,1,"totNPP",NA
2020,"TB",3,3,0,"MLLMM",41,1,"ANPP",47.55
2020,"TB",3,3,0,"MLLMM",41,1,"BNPP",167.172532505089
2020,"TB",3,3,0,"MLLMM",41,1,"totNPP",214.722532505089
2020,"TB",3,3,25,"MLLMM",38,1,"ANPP",44.85
2020,"TB",3,3,25,"MLLMM",38,1,"BNPP",131.671333496968
2020,"TB",3,3,25,"MLLMM",38,1,"totNPP",176.521333496968
2020,"TB",3,3,50,"MLLMM",42,1,"ANPP",39.25
2020,"TB",3,3,50,"MLLMM",42,1,"BNPP",130.775764537057
2020,"TB",3,3,50,"MLLMM",42,1,"totNPP",170.025764537057
2020,"TB",3,3,75,"MLLMM",37,1,"ANPP",32.95
2020,"TB",3,3,75,"MLLMM",37,1,"BNPP",42.5553034123166
2020,"TB",3,3,75,"MLLMM",37,1,"totNPP",75.5053034123166
2020,"TB",3,3,99,"MLLMM",40,1,"ANPP",11.7
2020,"TB",3,3,99,"MLLMM",40,1,"BNPP",126.400649437539
2020,"TB",3,3,99,"MLLMM",40,1,"totNPP",138.100649437539
2021,"TB",1,1,0,"MMMMM",15,2,"ANPP",91.8
2021,"TB",1,1,0,"MMMMM",15,2,"BNPP",218.680452385243
2021,"TB",1,1,0,"MMMMM",15,2,"totNPP",310.480452385243
2021,"TB",1,1,0,"MMMMM",17,2,"ANPP",38.5
2021,"TB",1,1,0,"MMMMM",17,2,"BNPP",232.172395560357
2021,"TB",1,1,0,"MMMMM",17,2,"totNPP",270.672395560357
2021,"TB",1,1,25,"MMMMM",16,2,"ANPP",73.6
2021,"TB",1,1,25,"MMMMM",16,2,"BNPP",247.558352007006
2021,"TB",1,1,25,"MMMMM",16,2,"totNPP",321.158352007006
2021,"TB",1,1,50,"MMMMM",13,2,"ANPP",46.7
2021,"TB",1,1,50,"MMMMM",13,2,"BNPP",187.23256817349
2021,"TB",1,1,50,"MMMMM",13,2,"totNPP",233.93256817349
2021,"TB",1,1,75,"MMMMM",14,2,"ANPP",50.75
2021,"TB",1,1,75,"MMMMM",14,2,"BNPP",189.247617890666
2021,"TB",1,1,75,"MMMMM",14,2,"totNPP",239.997617890666
2021,"TB",1,1,99,"MMMMM",18,2,"ANPP",56.05
2021,"TB",1,1,99,"MMMMM",18,2,"BNPP",186.215524850361
2021,"TB",1,1,99,"MMMMM",18,2,"totNPP",242.265524850361
2021,"TB",1,2,0,"HHMMM",3,1,"ANPP",70.95
2021,"TB",1,2,0,"HHMMM",3,1,"BNPP",234.584421634063
2021,"TB",1,2,0,"HHMMM",3,1,"totNPP",305.534421634063
2021,"TB",1,2,0,"HHMMM",4,1,"ANPP",67.8
2021,"TB",1,2,0,"HHMMM",4,1,"BNPP",148.695157266518
2021,"TB",1,2,0,"HHMMM",4,1,"totNPP",216.495157266518
2021,"TB",1,2,25,"HHMMM",6,1,"ANPP",99.4
2021,"TB",1,2,25,"HHMMM",6,1,"BNPP",158.266168467031
2021,"TB",1,2,25,"HHMMM",6,1,"totNPP",257.666168467031
2021,"TB",1,2,50,"HHMMM",5,1,"ANPP",83.75
2021,"TB",1,2,50,"HHMMM",5,1,"BNPP",148.135969985596
2021,"TB",1,2,50,"HHMMM",5,1,"totNPP",231.885969985596
2021,"TB",1,2,75,"HHMMM",1,1,"ANPP",52.85
2021,"TB",1,2,75,"HHMMM",1,1,"BNPP",176.92788639104
2021,"TB",1,2,75,"HHMMM",1,1,"totNPP",229.77788639104
2021,"TB",1,2,99,"HHMMM",2,1,"ANPP",36.2
2021,"TB",1,2,99,"HHMMM",2,1,"BNPP",198.253931170293
2021,"TB",1,2,99,"HHMMM",2,1,"totNPP",234.453931170293
2021,"TB",1,3,0,"MLLMM",7,1,"ANPP",36.3
2021,"TB",1,3,0,"MLLMM",7,1,"BNPP",189.679713174051
2021,"TB",1,3,0,"MLLMM",7,1,"totNPP",225.979713174051
2021,"TB",1,3,0,"MLLMM",9,1,"ANPP",39.25
2021,"TB",1,3,0,"MLLMM",9,1,"BNPP",231.650720820694
2021,"TB",1,3,0,"MLLMM",9,1,"totNPP",270.900720820694
2021,"TB",1,3,25,"MLLMM",12,1,"ANPP",41.95
2021,"TB",1,3,25,"MLLMM",12,1,"BNPP",238.581234195059
2021,"TB",1,3,25,"MLLMM",12,1,"totNPP",280.531234195059
2021,"TB",1,3,50,"MLLMM",11,1,"ANPP",62.05
2021,"TB",1,3,50,"MLLMM",11,1,"BNPP",141.612420642996
2021,"TB",1,3,50,"MLLMM",11,1,"totNPP",203.662420642996
2021,"TB",1,3,75,"MLLMM",8,1,"ANPP",26.7
2021,"TB",1,3,75,"MLLMM",8,1,"BNPP",200.189983679159
2021,"TB",1,3,75,"MLLMM",8,1,"totNPP",226.889983679159
2021,"TB",1,3,99,"MLLMM",10,1,"ANPP",20.65
2021,"TB",1,3,99,"MLLMM",10,1,"BNPP",213.148878074937
2021,"TB",1,3,99,"MLLMM",10,1,"totNPP",233.798878074937
2021,"TB",2,1,0,"MMMMM",25,1,"ANPP",15.35
2021,"TB",2,1,0,"MMMMM",25,1,"BNPP",127.831538372694
2021,"TB",2,1,0,"MMMMM",25,1,"totNPP",143.181538372694
2021,"TB",2,1,0,"MMMMM",29,1,"ANPP",84.45
2021,"TB",2,1,0,"MMMMM",29,1,"BNPP",196.51825255003
2021,"TB",2,1,0,"MMMMM",29,1,"totNPP",280.96825255003
2021,"TB",2,1,25,"MMMMM",30,1,"ANPP",36.15
2021,"TB",2,1,25,"MMMMM",30,1,"BNPP",181.502419167906
2021,"TB",2,1,25,"MMMMM",30,1,"totNPP",217.652419167906
2021,"TB",2,1,50,"MMMMM",27,1,"ANPP",39.3
2021,"TB",2,1,50,"MMMMM",27,1,"BNPP",166.87480121702
2021,"TB",2,1,50,"MMMMM",27,1,"totNPP",206.17480121702
2021,"TB",2,1,75,"MMMMM",26,1,"ANPP",36.5
2021,"TB",2,1,75,"MMMMM",26,1,"BNPP",195.917244805069
2021,"TB",2,1,75,"MMMMM",26,1,"totNPP",232.417244805069
2021,"TB",2,1,99,"MMMMM",28,1,"ANPP",14.65
2021,"TB",2,1,99,"MMMMM",28,1,"BNPP",161.833208051645
2021,"TB",2,1,99,"MMMMM",28,1,"totNPP",176.483208051645
2021,"TB",2,2,0,"HHMMM",20,2,"ANPP",41.6
2021,"TB",2,2,0,"HHMMM",20,2,"BNPP",252.685871519063
2021,"TB",2,2,0,"HHMMM",20,2,"totNPP",294.285871519063
2021,"TB",2,2,0,"HHMMM",23,2,"ANPP",39.1
2021,"TB",2,2,0,"HHMMM",23,2,"BNPP",226.663197369805
2021,"TB",2,2,0,"HHMMM",23,2,"totNPP",265.763197369805
2021,"TB",2,2,25,"HHMMM",24,2,"ANPP",21.75
2021,"TB",2,2,25,"HHMMM",24,2,"BNPP",307.208136111027
2021,"TB",2,2,25,"HHMMM",24,2,"totNPP",328.958136111027
2021,"TB",2,2,50,"HHMMM",19,2,"ANPP",29.3
2021,"TB",2,2,50,"HHMMM",19,2,"BNPP",191.920349619681
2021,"TB",2,2,50,"HHMMM",19,2,"totNPP",221.220349619681
2021,"TB",2,2,75,"HHMMM",22,2,"ANPP",14
2021,"TB",2,2,75,"HHMMM",22,2,"BNPP",208.72715482488
2021,"TB",2,2,75,"HHMMM",22,2,"totNPP",222.72715482488
2021,"TB",2,2,99,"HHMMM",21,2,"ANPP",16.35
2021,"TB",2,2,99,"HHMMM",21,2,"BNPP",241.709922761426
2021,"TB",2,2,99,"HHMMM",21,2,"totNPP",258.059922761426
2021,"TB",2,3,0,"MLLMM",34,2,"ANPP",50.45
2021,"TB",2,3,0,"MLLMM",34,2,"BNPP",186.962994058538
2021,"TB",2,3,0,"MLLMM",34,2,"totNPP",237.412994058538
2021,"TB",2,3,0,"MLLMM",36,2,"ANPP",12.55
2021,"TB",2,3,0,"MLLMM",36,2,"BNPP",230.280270361319
2021,"TB",2,3,0,"MLLMM",36,2,"totNPP",242.830270361319
2021,"TB",2,3,25,"MLLMM",32,2,"ANPP",31.2
2021,"TB",2,3,25,"MLLMM",32,2,"BNPP",190.462525772225
2021,"TB",2,3,25,"MLLMM",32,2,"totNPP",221.662525772225
2021,"TB",2,3,50,"MLLMM",35,2,"ANPP",22.75
2021,"TB",2,3,50,"MLLMM",35,2,"BNPP",188.429435021833
2021,"TB",2,3,50,"MLLMM",35,2,"totNPP",211.179435021833
2021,"TB",2,3,75,"MLLMM",33,2,"ANPP",35.7
2021,"TB",2,3,75,"MLLMM",33,2,"BNPP",190.861471672695
2021,"TB",2,3,75,"MLLMM",33,2,"totNPP",226.561471672695
2021,"TB",2,3,99,"MLLMM",31,2,"ANPP",29.5
2021,"TB",2,3,99,"MLLMM",31,2,"BNPP",150.328436146251
2021,"TB",2,3,99,"MLLMM",31,2,"totNPP",179.828436146251
2021,"TB",3,1,0,"MMMMM",52,2,"ANPP",35.5
2021,"TB",3,1,0,"MMMMM",52,2,"BNPP",168.789794408765
2021,"TB",3,1,0,"MMMMM",52,2,"totNPP",204.289794408765
2021,"TB",3,1,0,"MMMMM",53,2,"ANPP",47.75
2021,"TB",3,1,0,"MMMMM",53,2,"BNPP",180.198561243641
2021,"TB",3,1,0,"MMMMM",53,2,"totNPP",227.948561243641
2021,"TB",3,1,25,"MMMMM",50,2,"ANPP",47.1
2021,"TB",3,1,25,"MMMMM",50,2,"BNPP",126.131910505088
2021,"TB",3,1,25,"MMMMM",50,2,"totNPP",173.231910505088
2021,"TB",3,1,50,"MMMMM",49,2,"ANPP",43.45
2021,"TB",3,1,50,"MMMMM",49,2,"BNPP",215.475661825664
2021,"TB",3,1,50,"MMMMM",49,2,"totNPP",258.925661825664
2021,"TB",3,1,75,"MMMMM",54,2,"ANPP",13.5
2021,"TB",3,1,75,"MMMMM",54,2,"BNPP",253.164449426401
2021,"TB",3,1,75,"MMMMM",54,2,"totNPP",266.664449426401
2021,"TB",3,1,99,"MMMMM",51,2,"ANPP",16
2021,"TB",3,1,99,"MMMMM",51,2,"BNPP",78.2722164851252
2021,"TB",3,1,99,"MMMMM",51,2,"totNPP",94.2722164851252
2021,"TB",3,2,0,"HHMMM",43,1,"ANPP",54.2
2021,"TB",3,2,0,"HHMMM",43,1,"BNPP",193.041105602832
2021,"TB",3,2,0,"HHMMM",43,1,"totNPP",247.241105602832
2021,"TB",3,2,0,"HHMMM",48,1,"ANPP",40.75
2021,"TB",3,2,0,"HHMMM",48,1,"BNPP",121.397017066881
2021,"TB",3,2,0,"HHMMM",48,1,"totNPP",162.147017066881
2021,"TB",3,2,25,"HHMMM",44,1,"ANPP",47.05
2021,"TB",3,2,25,"HHMMM",44,1,"BNPP",169.610756898128
2021,"TB",3,2,25,"HHMMM",44,1,"totNPP",216.660756898128
2021,"TB",3,2,50,"HHMMM",45,1,"ANPP",30.65
2021,"TB",3,2,50,"HHMMM",45,1,"BNPP",156.568148156378
2021,"TB",3,2,50,"HHMMM",45,1,"totNPP",187.218148156378
2021,"TB",3,2,75,"HHMMM",46,1,"ANPP",18.05
2021,"TB",3,2,75,"HHMMM",46,1,"BNPP",190.571817078497
2021,"TB",3,2,75,"HHMMM",46,1,"totNPP",208.621817078497
2021,"TB",3,2,99,"HHMMM",47,1,"ANPP",46.3
2021,"TB",3,2,99,"HHMMM",47,1,"BNPP",134.98664457195
2021,"TB",3,2,99,"HHMMM",47,1,"totNPP",181.28664457195
2021,"TB",3,3,0,"MLLMM",39,1,"ANPP",26.9
2021,"TB",3,3,0,"MLLMM",39,1,"BNPP",205.083973463448
2021,"TB",3,3,0,"MLLMM",39,1,"totNPP",231.983973463448
2021,"TB",3,3,0,"MLLMM",41,1,"ANPP",32.65
2021,"TB",3,3,0,"MLLMM",41,1,"BNPP",125.881112891988
2021,"TB",3,3,0,"MLLMM",41,1,"totNPP",158.531112891988
2021,"TB",3,3,25,"MLLMM",38,1,"ANPP",46.9
2021,"TB",3,3,25,"MLLMM",38,1,"BNPP",154.610400554546
2021,"TB",3,3,25,"MLLMM",38,1,"totNPP",201.510400554546
2021,"TB",3,3,50,"MLLMM",42,1,"ANPP",51.45
2021,"TB",3,3,50,"MLLMM",42,1,"BNPP",128.412739014071
2021,"TB",3,3,50,"MLLMM",42,1,"totNPP",179.862739014071
2021,"TB",3,3,75,"MLLMM",37,1,"ANPP",32.65
2021,"TB",3,3,75,"MLLMM",37,1,"BNPP",126.413839760297
2021,"TB",3,3,75,"MLLMM",37,1,"totNPP",159.063839760297
2021,"TB",3,3,99,"MLLMM",40,1,"ANPP",46.9
2021,"TB",3,3,99,"MLLMM",40,1,"BNPP",122.798169060385
2021,"TB",3,3,99,"MLLMM",40,1,"totNPP",169.698169060385
2022,"TB",1,1,0,"MMMMM",15,2,"ANPP",143.9
2022,"TB",1,1,0,"MMMMM",15,2,"BNPP",99.8582166159522
2022,"TB",1,1,0,"MMMMM",15,2,"totNPP",243.758216615952
2022,"TB",1,1,0,"MMMMM",17,2,"ANPP",102.4
2022,"TB",1,1,0,"MMMMM",17,2,"BNPP",131.725644630423
2022,"TB",1,1,0,"MMMMM",17,2,"totNPP",234.125644630423
2022,"TB",1,1,25,"MMMMM",16,2,"ANPP",83.55
2022,"TB",1,1,25,"MMMMM",16,2,"BNPP",120.830330828874
2022,"TB",1,1,25,"MMMMM",16,2,"totNPP",204.380330828874
2022,"TB",1,1,50,"MMMMM",13,2,"ANPP",147.95
2022,"TB",1,1,50,"MMMMM",13,2,"BNPP",133.325376385093
2022,"TB",1,1,50,"MMMMM",13,2,"totNPP",281.275376385093
2022,"TB",1,1,75,"MMMMM",14,2,"ANPP",181.7
2022,"TB",1,1,75,"MMMMM",14,2,"BNPP",171.750355526156
2022,"TB",1,1,75,"MMMMM",14,2,"totNPP",353.450355526156
2022,"TB",1,1,99,"MMMMM",18,2,"ANPP",151.1
2022,"TB",1,1,99,"MMMMM",18,2,"BNPP",185.389309349888
2022,"TB",1,1,99,"MMMMM",18,2,"totNPP",336.489309349888
2022,"TB",1,2,0,"HHMMM",3,1,"ANPP",60.1
2022,"TB",1,2,0,"HHMMM",3,1,"BNPP",154.52745063253
2022,"TB",1,2,0,"HHMMM",3,1,"totNPP",214.62745063253
2022,"TB",1,2,0,"HHMMM",4,1,"ANPP",110.8
2022,"TB",1,2,0,"HHMMM",4,1,"BNPP",129.89490621917
2022,"TB",1,2,0,"HHMMM",4,1,"totNPP",240.69490621917
2022,"TB",1,2,25,"HHMMM",6,1,"ANPP",90.9
2022,"TB",1,2,25,"HHMMM",6,1,"BNPP",100.944977585692
2022,"TB",1,2,25,"HHMMM",6,1,"totNPP",191.844977585692
2022,"TB",1,2,50,"HHMMM",5,1,"ANPP",83.1
2022,"TB",1,2,50,"HHMMM",5,1,"BNPP",88.5219302005318
2022,"TB",1,2,50,"HHMMM",5,1,"totNPP",171.621930200532
2022,"TB",1,2,75,"HHMMM",1,1,"ANPP",75.95
2022,"TB",1,2,75,"HHMMM",1,1,"BNPP",107.810030230777
2022,"TB",1,2,75,"HHMMM",1,1,"totNPP",183.760030230777
2022,"TB",1,2,99,"HHMMM",2,1,"ANPP",90.95
2022,"TB",1,2,99,"HHMMM",2,1,"BNPP",134.423290691059
2022,"TB",1,2,99,"HHMMM",2,1,"totNPP",225.373290691059
2022,"TB",1,3,0,"MLLMM",7,1,"ANPP",53.7
2022,"TB",1,3,0,"MLLMM",7,1,"BNPP",97.6628073952142
2022,"TB",1,3,0,"MLLMM",7,1,"totNPP",151.362807395214
2022,"TB",1,3,0,"MLLMM",9,1,"ANPP",48.7
2022,"TB",1,3,0,"MLLMM",9,1,"BNPP",112.159671495726
2022,"TB",1,3,0,"MLLMM",9,1,"totNPP",160.859671495726
2022,"TB",1,3,25,"MLLMM",12,1,"ANPP",63.85
2022,"TB",1,3,25,"MLLMM",12,1,"BNPP",88.6868996490805
2022,"TB",1,3,25,"MLLMM",12,1,"totNPP",152.536899649081
2022,"TB",1,3,50,"MLLMM",11,1,"ANPP",64.45
2022,"TB",1,3,50,"MLLMM",11,1,"BNPP",171.832008298125
2022,"TB",1,3,50,"MLLMM",11,1,"totNPP",236.282008298125
2022,"TB",1,3,75,"MLLMM",8,1,"ANPP",55.1
2022,"TB",1,3,75,"MLLMM",8,1,"BNPP",115.373397827702
2022,"TB",1,3,75,"MLLMM",8,1,"totNPP",170.473397827702
2022,"TB",1,3,99,"MLLMM",10,1,"ANPP",44.7
2022,"TB",1,3,99,"MLLMM",10,1,"BNPP",73.9562607270464
2022,"TB",1,3,99,"MLLMM",10,1,"totNPP",118.656260727046
2022,"TB",2,1,0,"MMMMM",25,1,"ANPP",48.1
2022,"TB",2,1,0,"MMMMM",25,1,"BNPP",67.670082271934
2022,"TB",2,1,0,"MMMMM",25,1,"totNPP",115.770082271934
2022,"TB",2,1,0,"MMMMM",29,1,"ANPP",69.05
2022,"TB",2,1,0,"MMMMM",29,1,"BNPP",125.427434583605
2022,"TB",2,1,0,"MMMMM",29,1,"totNPP",194.477434583605
2022,"TB",2,1,25,"MMMMM",30,1,"ANPP",62.3
2022,"TB",2,1,25,"MMMMM",30,1,"BNPP",136.23516237492
2022,"TB",2,1,25,"MMMMM",30,1,"totNPP",198.53516237492
2022,"TB",2,1,50,"MMMMM",27,1,"ANPP",71.05
2022,"TB",2,1,50,"MMMMM",27,1,"BNPP",106.804894288557
2022,"TB",2,1,50,"MMMMM",27,1,"totNPP",177.854894288557
2022,"TB",2,1,75,"MMMMM",26,1,"ANPP",50.1
2022,"TB",2,1,75,"MMMMM",26,1,"BNPP",133.167717846835
2022,"TB",2,1,75,"MMMMM",26,1,"totNPP",183.267717846835
2022,"TB",2,1,99,"MMMMM",28,1,"ANPP",21.35
2022,"TB",2,1,99,"MMMMM",28,1,"BNPP",110.159379216506
2022,"TB",2,1,99,"MMMMM",28,1,"totNPP",131.509379216506
2022,"TB",2,2,0,"HHMMM",20,2,"ANPP",76.85
2022,"TB",2,2,0,"HHMMM",20,2,"BNPP",184.933937323815
2022,"TB",2,2,0,"HHMMM",20,2,"totNPP",261.783937323815
2022,"TB",2,2,0,"HHMMM",23,2,"ANPP",67.7
2022,"TB",2,2,0,"HHMMM",23,2,"BNPP",118.341599684266
2022,"TB",2,2,0,"HHMMM",23,2,"totNPP",186.041599684266
2022,"TB",2,2,25,"HHMMM",24,2,"ANPP",23.1125
2022,"TB",2,2,25,"HHMMM",24,2,"BNPP",153.87008952443
2022,"TB",2,2,25,"HHMMM",24,2,"totNPP",176.98258952443
2022,"TB",2,2,50,"HHMMM",19,2,"ANPP",52.15
2022,"TB",2,2,50,"HHMMM",19,2,"BNPP",152.789520383594
2022,"TB",2,2,50,"HHMMM",19,2,"totNPP",204.939520383594
2022,"TB",2,2,75,"HHMMM",22,2,"ANPP",47.35
2022,"TB",2,2,75,"HHMMM",22,2,"BNPP",175.706377579345
2022,"TB",2,2,75,"HHMMM",22,2,"totNPP",223.056377579345
2022,"TB",2,2,99,"HHMMM",21,2,"ANPP",39.5
2022,"TB",2,2,99,"HHMMM",21,2,"BNPP",126.80429182625
2022,"TB",2,2,99,"HHMMM",21,2,"totNPP",166.30429182625
2022,"TB",2,3,0,"MLLMM",34,2,"ANPP",89.2
2022,"TB",2,3,0,"MLLMM",34,2,"BNPP",178.735861665725
2022,"TB",2,3,0,"MLLMM",34,2,"totNPP",267.935861665725
2022,"TB",2,3,0,"MLLMM",36,2,"ANPP",47.2
2022,"TB",2,3,0,"MLLMM",36,2,"BNPP",188.367125220165
2022,"TB",2,3,0,"MLLMM",36,2,"totNPP",235.567125220165
2022,"TB",2,3,25,"MLLMM",32,2,"ANPP",64.85
2022,"TB",2,3,25,"MLLMM",32,2,"BNPP",148.760727108142
2022,"TB",2,3,25,"MLLMM",32,2,"totNPP",213.610727108142
2022,"TB",2,3,50,"MLLMM",35,2,"ANPP",49.8
2022,"TB",2,3,50,"MLLMM",35,2,"BNPP",82.0298742960296
2022,"TB",2,3,50,"MLLMM",35,2,"totNPP",131.82987429603
2022,"TB",2,3,75,"MLLMM",33,2,"ANPP",86.9
2022,"TB",2,3,75,"MLLMM",33,2,"BNPP",150.551393211014
2022,"TB",2,3,75,"MLLMM",33,2,"totNPP",237.451393211014
2022,"TB",2,3,99,"MLLMM",31,2,"ANPP",57.8
2022,"TB",2,3,99,"MLLMM",31,2,"BNPP",131.805936052413
2022,"TB",2,3,99,"MLLMM",31,2,"totNPP",189.605936052413
2022,"TB",3,1,0,"MMMMM",52,2,"ANPP",81.4
2022,"TB",3,1,0,"MMMMM",52,2,"BNPP",216.027896217879
2022,"TB",3,1,0,"MMMMM",52,2,"totNPP",297.427896217879
2022,"TB",3,1,0,"MMMMM",53,2,"ANPP",54.55
2022,"TB",3,1,0,"MMMMM",53,2,"BNPP",197.165379959314
2022,"TB",3,1,0,"MMMMM",53,2,"totNPP",251.715379959314
2022,"TB",3,1,25,"MMMMM",50,2,"ANPP",98.15
2022,"TB",3,1,25,"MMMMM",50,2,"BNPP",216.749514806607
2022,"TB",3,1,25,"MMMMM",50,2,"totNPP",314.899514806607
2022,"TB",3,1,50,"MMMMM",49,2,"ANPP",112.8
2022,"TB",3,1,50,"MMMMM",49,2,"BNPP",198.169666751475
2022,"TB",3,1,50,"MMMMM",49,2,"totNPP",310.969666751475
2022,"TB",3,1,75,"MMMMM",54,2,"ANPP",60.1
2022,"TB",3,1,75,"MMMMM",54,2,"BNPP",158.30180302099
2022,"TB",3,1,75,"MMMMM",54,2,"totNPP",218.40180302099
2022,"TB",3,1,99,"MMMMM",51,2,"ANPP",132.15
2022,"TB",3,1,99,"MMMMM",51,2,"BNPP",188.795841068528
2022,"TB",3,1,99,"MMMMM",51,2,"totNPP",320.945841068528
2022,"TB",3,2,0,"HHMMM",43,1,"ANPP",73
2022,"TB",3,2,0,"HHMMM",43,1,"BNPP",181.182845273481
2022,"TB",3,2,0,"HHMMM",43,1,"totNPP",254.182845273481
2022,"TB",3,2,0,"HHMMM",48,1,"ANPP",62.65
2022,"TB",3,2,0,"HHMMM",48,1,"BNPP",176.049330080813
2022,"TB",3,2,0,"HHMMM",48,1,"totNPP",238.699330080813
2022,"TB",3,2,25,"HHMMM",44,1,"ANPP",47.5
2022,"TB",3,2,25,"HHMMM",44,1,"BNPP",174.162809007712
2022,"TB",3,2,25,"HHMMM",44,1,"totNPP",221.662809007712
2022,"TB",3,2,50,"HHMMM",45,1,"ANPP",96.95
2022,"TB",3,2,50,"HHMMM",45,1,"BNPP",191.333119330754
2022,"TB",3,2,50,"HHMMM",45,1,"totNPP",288.283119330754
2022,"TB",3,2,75,"HHMMM",46,1,"ANPP",92.65
2022,"TB",3,2,75,"HHMMM",46,1,"BNPP",230.927789223969
2022,"TB",3,2,75,"HHMMM",46,1,"totNPP",323.577789223969
2022,"TB",3,2,99,"HHMMM",47,1,"ANPP",83.2
2022,"TB",3,2,99,"HHMMM",47,1,"BNPP",194.757815435033
2022,"TB",3,2,99,"HHMMM",47,1,"totNPP",277.957815435033
2022,"TB",3,3,0,"MLLMM",39,1,"ANPP",62.2
2022,"TB",3,3,0,"MLLMM",39,1,"BNPP",176.515583312634
2022,"TB",3,3,0,"MLLMM",39,1,"totNPP",238.715583312634
2022,"TB",3,3,0,"MLLMM",41,1,"ANPP",106.25
2022,"TB",3,3,0,"MLLMM",41,1,"BNPP",218.174205208795
2022,"TB",3,3,0,"MLLMM",41,1,"totNPP",324.424205208795
2022,"TB",3,3,25,"MLLMM",38,1,"ANPP",71.6
2022,"TB",3,3,25,"MLLMM",38,1,"BNPP",192.283955006876
2022,"TB",3,3,25,"MLLMM",38,1,"totNPP",263.883955006876
2022,"TB",3,3,50,"MLLMM",42,1,"ANPP",139.2
2022,"TB",3,3,50,"MLLMM",42,1,"BNPP",190.482171716489
2022,"TB",3,3,50,"MLLMM",42,1,"totNPP",329.682171716489
2022,"TB",3,3,75,"MLLMM",37,1,"ANPP",66.65
2022,"TB",3,3,75,"MLLMM",37,1,"BNPP",134.183856298767
2022,"TB",3,3,75,"MLLMM",37,1,"totNPP",200.833856298767
2022,"TB",3,3,99,"MLLMM",40,1,"ANPP",68.95
2022,"TB",3,3,99,"MLLMM",40,1,"BNPP",190.612778822057
2022,"TB",3,3,99,"MLLMM",40,1,"totNPP",259.562778822057
2023,"TB",1,1,0,"MMMMM",15,2,"ANPP",78.8725
2023,"TB",1,1,0,"MMMMM",15,2,"BNPP",NA
2023,"TB",1,1,0,"MMMMM",15,2,"totNPP",NA
2023,"TB",1,1,0,"MMMMM",17,2,"ANPP",138.405
2023,"TB",1,1,0,"MMMMM",17,2,"BNPP",NA
2023,"TB",1,1,0,"MMMMM",17,2,"totNPP",NA
2023,"TB",1,1,25,"MMMMM",16,2,"ANPP",147.165
2023,"TB",1,1,25,"MMMMM",16,2,"BNPP",NA
2023,"TB",1,1,25,"MMMMM",16,2,"totNPP",NA
2023,"TB",1,1,50,"MMMMM",13,2,"ANPP",160.925
2023,"TB",1,1,50,"MMMMM",13,2,"BNPP",NA
2023,"TB",1,1,50,"MMMMM",13,2,"totNPP",NA
2023,"TB",1,1,75,"MMMMM",14,2,"ANPP",140.73
2023,"TB",1,1,75,"MMMMM",14,2,"BNPP",NA
2023,"TB",1,1,75,"MMMMM",14,2,"totNPP",NA
2023,"TB",1,1,99,"MMMMM",18,2,"ANPP",142.345
2023,"TB",1,1,99,"MMMMM",18,2,"BNPP",NA
2023,"TB",1,1,99,"MMMMM",18,2,"totNPP",NA
2023,"TB",1,2,0,"HHMMM",3,1,"ANPP",91.675
2023,"TB",1,2,0,"HHMMM",3,1,"BNPP",NA
2023,"TB",1,2,0,"HHMMM",3,1,"totNPP",NA
2023,"TB",1,2,0,"HHMMM",4,1,"ANPP",77.555
2023,"TB",1,2,0,"HHMMM",4,1,"BNPP",NA
2023,"TB",1,2,0,"HHMMM",4,1,"totNPP",NA
2023,"TB",1,2,25,"HHMMM",6,1,"ANPP",85.705
2023,"TB",1,2,25,"HHMMM",6,1,"BNPP",NA
2023,"TB",1,2,25,"HHMMM",6,1,"totNPP",NA
2023,"TB",1,2,50,"HHMMM",5,1,"ANPP",169.83
2023,"TB",1,2,50,"HHMMM",5,1,"BNPP",NA
2023,"TB",1,2,50,"HHMMM",5,1,"totNPP",NA
2023,"TB",1,2,75,"HHMMM",1,1,"ANPP",122.92
2023,"TB",1,2,75,"HHMMM",1,1,"BNPP",NA
2023,"TB",1,2,75,"HHMMM",1,1,"totNPP",NA
2023,"TB",1,2,99,"HHMMM",2,1,"ANPP",95.88
2023,"TB",1,2,99,"HHMMM",2,1,"BNPP",NA
2023,"TB",1,2,99,"HHMMM",2,1,"totNPP",NA
2023,"TB",1,3,0,"MLLMM",7,1,"ANPP",88.065
2023,"TB",1,3,0,"MLLMM",7,1,"BNPP",NA
2023,"TB",1,3,0,"MLLMM",7,1,"totNPP",NA
2023,"TB",1,3,0,"MLLMM",9,1,"ANPP",57.195
2023,"TB",1,3,0,"MLLMM",9,1,"BNPP",NA
2023,"TB",1,3,0,"MLLMM",9,1,"totNPP",NA
2023,"TB",1,3,25,"MLLMM",12,1,"ANPP",38.355
2023,"TB",1,3,25,"MLLMM",12,1,"BNPP",NA
2023,"TB",1,3,25,"MLLMM",12,1,"totNPP",NA
2023,"TB",1,3,50,"MLLMM",11,1,"ANPP",113.08
2023,"TB",1,3,50,"MLLMM",11,1,"BNPP",NA
2023,"TB",1,3,50,"MLLMM",11,1,"totNPP",NA
2023,"TB",1,3,75,"MLLMM",8,1,"ANPP",37.89
2023,"TB",1,3,75,"MLLMM",8,1,"BNPP",NA
2023,"TB",1,3,75,"MLLMM",8,1,"totNPP",NA
2023,"TB",1,3,99,"MLLMM",10,1,"ANPP",72.41
2023,"TB",1,3,99,"MLLMM",10,1,"BNPP",NA
2023,"TB",1,3,99,"MLLMM",10,1,"totNPP",NA
2023,"TB",2,1,0,"MMMMM",25,1,"ANPP",68.405
2023,"TB",2,1,0,"MMMMM",25,1,"BNPP",NA
2023,"TB",2,1,0,"MMMMM",25,1,"totNPP",NA
2023,"TB",2,1,0,"MMMMM",29,1,"ANPP",121.585
2023,"TB",2,1,0,"MMMMM",29,1,"BNPP",NA
2023,"TB",2,1,0,"MMMMM",29,1,"totNPP",NA
2023,"TB",2,1,25,"MMMMM",30,1,"ANPP",82.19
2023,"TB",2,1,25,"MMMMM",30,1,"BNPP",NA
2023,"TB",2,1,25,"MMMMM",30,1,"totNPP",NA
2023,"TB",2,1,50,"MMMMM",27,1,"ANPP",69.08
2023,"TB",2,1,50,"MMMMM",27,1,"BNPP",NA
2023,"TB",2,1,50,"MMMMM",27,1,"totNPP",NA
2023,"TB",2,1,75,"MMMMM",26,1,"ANPP",76.055
2023,"TB",2,1,75,"MMMMM",26,1,"BNPP",NA
2023,"TB",2,1,75,"MMMMM",26,1,"totNPP",NA
2023,"TB",2,1,99,"MMMMM",28,1,"ANPP",72.14
2023,"TB",2,1,99,"MMMMM",28,1,"BNPP",NA
2023,"TB",2,1,99,"MMMMM",28,1,"totNPP",NA
2023,"TB",2,2,0,"HHMMM",20,2,"ANPP",76.57
2023,"TB",2,2,0,"HHMMM",20,2,"BNPP",NA
2023,"TB",2,2,0,"HHMMM",20,2,"totNPP",NA
2023,"TB",2,2,0,"HHMMM",23,2,"ANPP",91.21
2023,"TB",2,2,0,"HHMMM",23,2,"BNPP",NA
2023,"TB",2,2,0,"HHMMM",23,2,"totNPP",NA
2023,"TB",2,2,25,"HHMMM",24,2,"ANPP",53.606
2023,"TB",2,2,25,"HHMMM",24,2,"BNPP",NA
2023,"TB",2,2,25,"HHMMM",24,2,"totNPP",NA
2023,"TB",2,2,50,"HHMMM",19,2,"ANPP",85.695
2023,"TB",2,2,50,"HHMMM",19,2,"BNPP",NA
2023,"TB",2,2,50,"HHMMM",19,2,"totNPP",NA
2023,"TB",2,2,75,"HHMMM",22,2,"ANPP",37.06
2023,"TB",2,2,75,"HHMMM",22,2,"BNPP",NA
2023,"TB",2,2,75,"HHMMM",22,2,"totNPP",NA
2023,"TB",2,2,99,"HHMMM",21,2,"ANPP",64.6
2023,"TB",2,2,99,"HHMMM",21,2,"BNPP",NA
2023,"TB",2,2,99,"HHMMM",21,2,"totNPP",NA
2023,"TB",2,3,0,"MLLMM",34,2,"ANPP",65.465
2023,"TB",2,3,0,"MLLMM",34,2,"BNPP",NA
2023,"TB",2,3,0,"MLLMM",34,2,"totNPP",NA
2023,"TB",2,3,0,"MLLMM",36,2,"ANPP",80.415
2023,"TB",2,3,0,"MLLMM",36,2,"BNPP",NA
2023,"TB",2,3,0,"MLLMM",36,2,"totNPP",NA
2023,"TB",2,3,25,"MLLMM",32,2,"ANPP",76.595
2023,"TB",2,3,25,"MLLMM",32,2,"BNPP",NA
2023,"TB",2,3,25,"MLLMM",32,2,"totNPP",NA
2023,"TB",2,3,50,"MLLMM",35,2,"ANPP",110.275
2023,"TB",2,3,50,"MLLMM",35,2,"BNPP",NA
2023,"TB",2,3,50,"MLLMM",35,2,"totNPP",NA
2023,"TB",2,3,75,"MLLMM",33,2,"ANPP",79.82
2023,"TB",2,3,75,"MLLMM",33,2,"BNPP",NA
2023,"TB",2,3,75,"MLLMM",33,2,"totNPP",NA
2023,"TB",2,3,99,"MLLMM",31,2,"ANPP",64.395
2023,"TB",2,3,99,"MLLMM",31,2,"BNPP",NA
2023,"TB",2,3,99,"MLLMM",31,2,"totNPP",NA
2023,"TB",3,1,0,"MMMMM",52,2,"ANPP",128.76
2023,"TB",3,1,0,"MMMMM",52,2,"BNPP",NA
2023,"TB",3,1,0,"MMMMM",52,2,"totNPP",NA
2023,"TB",3,1,0,"MMMMM",53,2,"ANPP",105.925
2023,"TB",3,1,0,"MMMMM",53,2,"BNPP",NA
2023,"TB",3,1,0,"MMMMM",53,2,"totNPP",NA
2023,"TB",3,1,25,"MMMMM",50,2,"ANPP",121.52
2023,"TB",3,1,25,"MMMMM",50,2,"BNPP",NA
2023,"TB",3,1,25,"MMMMM",50,2,"totNPP",NA
2023,"TB",3,1,50,"MMMMM",49,2,"ANPP",139.72
2023,"TB",3,1,50,"MMMMM",49,2,"BNPP",NA
2023,"TB",3,1,50,"MMMMM",49,2,"totNPP",NA
2023,"TB",3,1,75,"MMMMM",54,2,"ANPP",58.83
2023,"TB",3,1,75,"MMMMM",54,2,"BNPP",NA
2023,"TB",3,1,75,"MMMMM",54,2,"totNPP",NA
2023,"TB",3,1,99,"MMMMM",51,2,"ANPP",182.925
2023,"TB",3,1,99,"MMMMM",51,2,"BNPP",NA
2023,"TB",3,1,99,"MMMMM",51,2,"totNPP",NA
2023,"TB",3,2,0,"HHMMM",43,1,"ANPP",104.745
2023,"TB",3,2,0,"HHMMM",43,1,"BNPP",NA
2023,"TB",3,2,0,"HHMMM",43,1,"totNPP",NA
2023,"TB",3,2,0,"HHMMM",48,1,"ANPP",102.725
2023,"TB",3,2,0,"HHMMM",48,1,"BNPP",NA
2023,"TB",3,2,0,"HHMMM",48,1,"totNPP",NA
2023,"TB",3,2,25,"HHMMM",44,1,"ANPP",104.575
2023,"TB",3,2,25,"HHMMM",44,1,"BNPP",NA
2023,"TB",3,2,25,"HHMMM",44,1,"totNPP",NA
2023,"TB",3,2,50,"HHMMM",45,1,"ANPP",136.56
2023,"TB",3,2,50,"HHMMM",45,1,"BNPP",NA
2023,"TB",3,2,50,"HHMMM",45,1,"totNPP",NA
2023,"TB",3,2,75,"HHMMM",46,1,"ANPP",119.275
2023,"TB",3,2,75,"HHMMM",46,1,"BNPP",NA
2023,"TB",3,2,75,"HHMMM",46,1,"totNPP",NA
2023,"TB",3,2,99,"HHMMM",47,1,"ANPP",152.415
2023,"TB",3,2,99,"HHMMM",47,1,"BNPP",NA
2023,"TB",3,2,99,"HHMMM",47,1,"totNPP",NA
2023,"TB",3,3,0,"MLLMM",39,1,"ANPP",71.755
2023,"TB",3,3,0,"MLLMM",39,1,"BNPP",NA
2023,"TB",3,3,0,"MLLMM",39,1,"totNPP",NA
2023,"TB",3,3,0,"MLLMM",41,1,"ANPP",109.035
2023,"TB",3,3,0,"MLLMM",41,1,"BNPP",NA
2023,"TB",3,3,0,"MLLMM",41,1,"totNPP",NA
2023,"TB",3,3,25,"MLLMM",38,1,"ANPP",97.97
2023,"TB",3,3,25,"MLLMM",38,1,"BNPP",NA
2023,"TB",3,3,25,"MLLMM",38,1,"totNPP",NA
2023,"TB",3,3,50,"MLLMM",42,1,"ANPP",165.475
2023,"TB",3,3,50,"MLLMM",42,1,"BNPP",NA
2023,"TB",3,3,50,"MLLMM",42,1,"totNPP",NA
2023,"TB",3,3,75,"MLLMM",37,1,"ANPP",74.945
2023,"TB",3,3,75,"MLLMM",37,1,"BNPP",NA
2023,"TB",3,3,75,"MLLMM",37,1,"totNPP",NA
2023,"TB",3,3,99,"MLLMM",40,1,"ANPP",93.545
2023,"TB",3,3,99,"MLLMM",40,1,"BNPP",NA
2023,"TB",3,3,99,"MLLMM",40,1,"totNPP",NA
2018,"FK",1,1,0,"MMMMM",3,2,"ANPP",312.5
2018,"FK",1,1,0,"MMMMM",3,2,"BNPP",NA
2018,"FK",1,1,0,"MMMMM",3,2,"totNPP",NA
2018,"FK",1,1,0,"MMMMM",4,2,"ANPP",196
2018,"FK",1,1,0,"MMMMM",4,2,"BNPP",NA
2018,"FK",1,1,0,"MMMMM",4,2,"totNPP",NA
2018,"FK",1,1,25,"MMMMM",6,2,"ANPP",155.45
2018,"FK",1,1,25,"MMMMM",6,2,"BNPP",NA
2018,"FK",1,1,25,"MMMMM",6,2,"totNPP",NA
2018,"FK",1,1,50,"MMMMM",5,2,"ANPP",171.25
2018,"FK",1,1,50,"MMMMM",5,2,"BNPP",NA
2018,"FK",1,1,50,"MMMMM",5,2,"totNPP",NA
2018,"FK",1,1,75,"MMMMM",1,2,"ANPP",226.85
2018,"FK",1,1,75,"MMMMM",1,2,"BNPP",NA
2018,"FK",1,1,75,"MMMMM",1,2,"totNPP",NA
2018,"FK",1,1,99,"MMMMM",2,2,"ANPP",173.45
2018,"FK",1,1,99,"MMMMM",2,2,"BNPP",NA
2018,"FK",1,1,99,"MMMMM",2,2,"totNPP",NA
2018,"FK",1,2,0,"HHMMM",7,1,"ANPP",180.25
2018,"FK",1,2,0,"HHMMM",7,1,"BNPP",NA
2018,"FK",1,2,0,"HHMMM",7,1,"totNPP",NA
2018,"FK",1,2,0,"HHMMM",9,1,"ANPP",169.1
2018,"FK",1,2,0,"HHMMM",9,1,"BNPP",NA
2018,"FK",1,2,0,"HHMMM",9,1,"totNPP",NA
2018,"FK",1,2,25,"HHMMM",12,1,"ANPP",187.1
2018,"FK",1,2,25,"HHMMM",12,1,"BNPP",NA
2018,"FK",1,2,25,"HHMMM",12,1,"totNPP",NA
2018,"FK",1,2,50,"HHMMM",11,1,"ANPP",112.3
2018,"FK",1,2,50,"HHMMM",11,1,"BNPP",NA
2018,"FK",1,2,50,"HHMMM",11,1,"totNPP",NA
2018,"FK",1,2,75,"HHMMM",8,1,"ANPP",194.95
2018,"FK",1,2,75,"HHMMM",8,1,"BNPP",NA
2018,"FK",1,2,75,"HHMMM",8,1,"totNPP",NA
2018,"FK",1,2,99,"HHMMM",10,1,"ANPP",154.35
2018,"FK",1,2,99,"HHMMM",10,1,"BNPP",NA
2018,"FK",1,2,99,"HHMMM",10,1,"totNPP",NA
2018,"FK",1,3,0,"MLLMM",15,2,"ANPP",187.1
2018,"FK",1,3,0,"MLLMM",15,2,"BNPP",NA
2018,"FK",1,3,0,"MLLMM",15,2,"totNPP",NA
2018,"FK",1,3,0,"MLLMM",17,2,"ANPP",142.25
2018,"FK",1,3,0,"MLLMM",17,2,"BNPP",NA
2018,"FK",1,3,0,"MLLMM",17,2,"totNPP",NA
2018,"FK",1,3,25,"MLLMM",16,2,"ANPP",120.45
2018,"FK",1,3,25,"MLLMM",16,2,"BNPP",NA
2018,"FK",1,3,25,"MLLMM",16,2,"totNPP",NA
2018,"FK",1,3,50,"MLLMM",13,2,"ANPP",172.9
2018,"FK",1,3,50,"MLLMM",13,2,"BNPP",NA
2018,"FK",1,3,50,"MLLMM",13,2,"totNPP",NA
2018,"FK",1,3,75,"MLLMM",14,2,"ANPP",154.25
2018,"FK",1,3,75,"MLLMM",14,2,"BNPP",NA
2018,"FK",1,3,75,"MLLMM",14,2,"totNPP",NA
2018,"FK",1,3,99,"MLLMM",18,2,"ANPP",240.05
2018,"FK",1,3,99,"MLLMM",18,2,"BNPP",NA
2018,"FK",1,3,99,"MLLMM",18,2,"totNPP",NA
2018,"FK",2,1,0,"MLLMM",20,2,"ANPP",368.7
2018,"FK",2,1,0,"MLLMM",20,2,"BNPP",NA
2018,"FK",2,1,0,"MLLMM",20,2,"totNPP",NA
2018,"FK",2,1,0,"MLLMM",23,2,"ANPP",168.65
2018,"FK",2,1,0,"MLLMM",23,2,"BNPP",NA
2018,"FK",2,1,0,"MLLMM",23,2,"totNPP",NA
2018,"FK",2,1,25,"MLLMM",24,2,"ANPP",191.7
2018,"FK",2,1,25,"MLLMM",24,2,"BNPP",NA
2018,"FK",2,1,25,"MLLMM",24,2,"totNPP",NA
2018,"FK",2,1,50,"MLLMM",19,2,"ANPP",128.7
2018,"FK",2,1,50,"MLLMM",19,2,"BNPP",NA
2018,"FK",2,1,50,"MLLMM",19,2,"totNPP",NA
2018,"FK",2,1,75,"MLLMM",22,2,"ANPP",218.3
2018,"FK",2,1,75,"MLLMM",22,2,"BNPP",NA
2018,"FK",2,1,75,"MLLMM",22,2,"totNPP",NA
2018,"FK",2,1,99,"MLLMM",21,2,"ANPP",166
2018,"FK",2,1,99,"MLLMM",21,2,"BNPP",NA
2018,"FK",2,1,99,"MLLMM",21,2,"totNPP",NA
2018,"FK",2,2,0,"MMMMM",25,1,"ANPP",235.8
2018,"FK",2,2,0,"MMMMM",25,1,"BNPP",NA
2018,"FK",2,2,0,"MMMMM",25,1,"totNPP",NA
2018,"FK",2,2,0,"MMMMM",29,1,"ANPP",177.15
2018,"FK",2,2,0,"MMMMM",29,1,"BNPP",NA
2018,"FK",2,2,0,"MMMMM",29,1,"totNPP",NA
2018,"FK",2,2,25,"MMMMM",30,1,"ANPP",149.65
2018,"FK",2,2,25,"MMMMM",30,1,"BNPP",NA
2018,"FK",2,2,25,"MMMMM",30,1,"totNPP",NA
2018,"FK",2,2,50,"MMMMM",27,1,"ANPP",91.1
2018,"FK",2,2,50,"MMMMM",27,1,"BNPP",NA
2018,"FK",2,2,50,"MMMMM",27,1,"totNPP",NA
2018,"FK",2,2,75,"MMMMM",26,1,"ANPP",171.6
2018,"FK",2,2,75,"MMMMM",26,1,"BNPP",NA
2018,"FK",2,2,75,"MMMMM",26,1,"totNPP",NA
2018,"FK",2,2,99,"MMMMM",28,1,"ANPP",166.15
2018,"FK",2,2,99,"MMMMM",28,1,"BNPP",NA
2018,"FK",2,2,99,"MMMMM",28,1,"totNPP",NA
2018,"FK",2,3,0,"HHMMM",34,2,"ANPP",183.5
2018,"FK",2,3,0,"HHMMM",34,2,"BNPP",NA
2018,"FK",2,3,0,"HHMMM",34,2,"totNPP",NA
2018,"FK",2,3,0,"HHMMM",36,2,"ANPP",227.25
2018,"FK",2,3,0,"HHMMM",36,2,"BNPP",NA
2018,"FK",2,3,0,"HHMMM",36,2,"totNPP",NA
2018,"FK",2,3,25,"HHMMM",32,2,"ANPP",176.3
2018,"FK",2,3,25,"HHMMM",32,2,"BNPP",NA
2018,"FK",2,3,25,"HHMMM",32,2,"totNPP",NA
2018,"FK",2,3,50,"HHMMM",35,2,"ANPP",147.65
2018,"FK",2,3,50,"HHMMM",35,2,"BNPP",NA
2018,"FK",2,3,50,"HHMMM",35,2,"totNPP",NA
2018,"FK",2,3,75,"HHMMM",33,2,"ANPP",224.75
2018,"FK",2,3,75,"HHMMM",33,2,"BNPP",NA
2018,"FK",2,3,75,"HHMMM",33,2,"totNPP",NA
2018,"FK",2,3,99,"HHMMM",31,2,"ANPP",150.55
2018,"FK",2,3,99,"HHMMM",31,2,"BNPP",NA
2018,"FK",2,3,99,"HHMMM",31,2,"totNPP",NA
2018,"FK",3,1,0,"MLLMM",39,1,"ANPP",104.25
2018,"FK",3,1,0,"MLLMM",39,1,"BNPP",NA
2018,"FK",3,1,0,"MLLMM",39,1,"totNPP",NA
2018,"FK",3,1,0,"MLLMM",41,1,"ANPP",174.45
2018,"FK",3,1,0,"MLLMM",41,1,"BNPP",NA
2018,"FK",3,1,0,"MLLMM",41,1,"totNPP",NA
2018,"FK",3,1,25,"MLLMM",38,1,"ANPP",206.5
2018,"FK",3,1,25,"MLLMM",38,1,"BNPP",NA
2018,"FK",3,1,25,"MLLMM",38,1,"totNPP",NA
2018,"FK",3,1,50,"MLLMM",42,1,"ANPP",222.4
2018,"FK",3,1,50,"MLLMM",42,1,"BNPP",NA
2018,"FK",3,1,50,"MLLMM",42,1,"totNPP",NA
2018,"FK",3,1,75,"MLLMM",37,1,"ANPP",162.55
2018,"FK",3,1,75,"MLLMM",37,1,"BNPP",NA
2018,"FK",3,1,75,"MLLMM",37,1,"totNPP",NA
2018,"FK",3,1,99,"MLLMM",40,1,"ANPP",172.7
2018,"FK",3,1,99,"MLLMM",40,1,"BNPP",NA
2018,"FK",3,1,99,"MLLMM",40,1,"totNPP",NA
2018,"FK",3,2,0,"MMMMM",43,1,"ANPP",207.7
2018,"FK",3,2,0,"MMMMM",43,1,"BNPP",NA
2018,"FK",3,2,0,"MMMMM",43,1,"totNPP",NA
2018,"FK",3,2,0,"MMMMM",48,1,"ANPP",141.95
2018,"FK",3,2,0,"MMMMM",48,1,"BNPP",NA
2018,"FK",3,2,0,"MMMMM",48,1,"totNPP",NA
2018,"FK",3,2,25,"MMMMM",44,1,"ANPP",221.45
2018,"FK",3,2,25,"MMMMM",44,1,"BNPP",NA
2018,"FK",3,2,25,"MMMMM",44,1,"totNPP",NA
2018,"FK",3,2,50,"MMMMM",45,1,"ANPP",213.2
2018,"FK",3,2,50,"MMMMM",45,1,"BNPP",NA
2018,"FK",3,2,50,"MMMMM",45,1,"totNPP",NA
2018,"FK",3,2,75,"MMMMM",46,1,"ANPP",214.35
2018,"FK",3,2,75,"MMMMM",46,1,"BNPP",NA
2018,"FK",3,2,75,"MMMMM",46,1,"totNPP",NA
2018,"FK",3,2,99,"MMMMM",47,1,"ANPP",186.45
2018,"FK",3,2,99,"MMMMM",47,1,"BNPP",NA
2018,"FK",3,2,99,"MMMMM",47,1,"totNPP",NA
2018,"FK",3,3,0,"HHMMM",52,2,"ANPP",197.2
2018,"FK",3,3,0,"HHMMM",52,2,"BNPP",NA
2018,"FK",3,3,0,"HHMMM",52,2,"totNPP",NA
2018,"FK",3,3,0,"HHMMM",53,2,"ANPP",205.85
2018,"FK",3,3,0,"HHMMM",53,2,"BNPP",NA
2018,"FK",3,3,0,"HHMMM",53,2,"totNPP",NA
2018,"FK",3,3,25,"HHMMM",50,2,"ANPP",202.65
2018,"FK",3,3,25,"HHMMM",50,2,"BNPP",NA
2018,"FK",3,3,25,"HHMMM",50,2,"totNPP",NA
2018,"FK",3,3,50,"HHMMM",49,2,"ANPP",164
2018,"FK",3,3,50,"HHMMM",49,2,"BNPP",NA
2018,"FK",3,3,50,"HHMMM",49,2,"totNPP",NA
2018,"FK",3,3,75,"HHMMM",54,2,"ANPP",148.85
2018,"FK",3,3,75,"HHMMM",54,2,"BNPP",NA
2018,"FK",3,3,75,"HHMMM",54,2,"totNPP",NA
2018,"FK",3,3,99,"HHMMM",51,2,"ANPP",303.1
2018,"FK",3,3,99,"HHMMM",51,2,"BNPP",NA
2018,"FK",3,3,99,"HHMMM",51,2,"totNPP",NA
2019,"FK",1,1,0,"MMMMM",3,2,"ANPP",327
2019,"FK",1,1,0,"MMMMM",3,2,"BNPP",392.963346109934
2019,"FK",1,1,0,"MMMMM",3,2,"totNPP",719.963346109934
2019,"FK",1,1,0,"MMMMM",4,2,"ANPP",111.35
2019,"FK",1,1,0,"MMMMM",4,2,"BNPP",313.037452026682
2019,"FK",1,1,0,"MMMMM",4,2,"totNPP",424.387452026682
2019,"FK",1,1,25,"MMMMM",6,2,"ANPP",165.7
2019,"FK",1,1,25,"MMMMM",6,2,"BNPP",359.284424906558
2019,"FK",1,1,25,"MMMMM",6,2,"totNPP",524.984424906557
2019,"FK",1,1,50,"MMMMM",5,2,"ANPP",137.95
2019,"FK",1,1,50,"MMMMM",5,2,"BNPP",368.059104280317
2019,"FK",1,1,50,"MMMMM",5,2,"totNPP",506.009104280317
2019,"FK",1,1,75,"MMMMM",1,2,"ANPP",139
2019,"FK",1,1,75,"MMMMM",1,2,"BNPP",424.569456267572
2019,"FK",1,1,75,"MMMMM",1,2,"totNPP",563.569456267572
2019,"FK",1,1,99,"MMMMM",2,2,"ANPP",112.2
2019,"FK",1,1,99,"MMMMM",2,2,"BNPP",348.683318358433
2019,"FK",1,1,99,"MMMMM",2,2,"totNPP",460.883318358433
2019,"FK",1,2,0,"HHMMM",7,1,"ANPP",154.2
2019,"FK",1,2,0,"HHMMM",7,1,"BNPP",281.353022102209
2019,"FK",1,2,0,"HHMMM",7,1,"totNPP",435.553022102209
2019,"FK",1,2,0,"HHMMM",9,1,"ANPP",119.7
2019,"FK",1,2,0,"HHMMM",9,1,"BNPP",273.537425273211
2019,"FK",1,2,0,"HHMMM",9,1,"totNPP",393.237425273211
2019,"FK",1,2,25,"HHMMM",12,1,"ANPP",187.6
2019,"FK",1,2,25,"HHMMM",12,1,"BNPP",433.195403605832
2019,"FK",1,2,25,"HHMMM",12,1,"totNPP",620.795403605832
2019,"FK",1,2,50,"HHMMM",11,1,"ANPP",84.55
2019,"FK",1,2,50,"HHMMM",11,1,"BNPP",339.235744176236
2019,"FK",1,2,50,"HHMMM",11,1,"totNPP",423.785744176236
2019,"FK",1,2,75,"HHMMM",8,1,"ANPP",66.45
2019,"FK",1,2,75,"HHMMM",8,1,"BNPP",422.128774326083
2019,"FK",1,2,75,"HHMMM",8,1,"totNPP",488.578774326083
2019,"FK",1,2,99,"HHMMM",10,1,"ANPP",80.6
2019,"FK",1,2,99,"HHMMM",10,1,"BNPP",370.48411113463
2019,"FK",1,2,99,"HHMMM",10,1,"totNPP",451.08411113463
2019,"FK",1,3,0,"MLLMM",15,2,"ANPP",138.4
2019,"FK",1,3,0,"MLLMM",15,2,"BNPP",487.847420049254
2019,"FK",1,3,0,"MLLMM",15,2,"totNPP",626.247420049254
2019,"FK",1,3,0,"MLLMM",17,2,"ANPP",117.75
2019,"FK",1,3,0,"MLLMM",17,2,"BNPP",487.990968193897
2019,"FK",1,3,0,"MLLMM",17,2,"totNPP",605.740968193897
2019,"FK",1,3,25,"MLLMM",16,2,"ANPP",118.75
2019,"FK",1,3,25,"MLLMM",16,2,"BNPP",488.069913575825
2019,"FK",1,3,25,"MLLMM",16,2,"totNPP",606.819913575825
2019,"FK",1,3,50,"MLLMM",13,2,"ANPP",91.05
2019,"FK",1,3,50,"MLLMM",13,2,"BNPP",370.182206756577
2019,"FK",1,3,50,"MLLMM",13,2,"totNPP",461.232206756577
2019,"FK",1,3,75,"MLLMM",14,2,"ANPP",115.45
2019,"FK",1,3,75,"MLLMM",14,2,"BNPP",390.254444713177
2019,"FK",1,3,75,"MLLMM",14,2,"totNPP",505.704444713177
2019,"FK",1,3,99,"MLLMM",18,2,"ANPP",43.15
2019,"FK",1,3,99,"MLLMM",18,2,"BNPP",420.773983970609
2019,"FK",1,3,99,"MLLMM",18,2,"totNPP",463.923983970609
2019,"FK",2,1,0,"MLLMM",20,2,"ANPP",251
2019,"FK",2,1,0,"MLLMM",20,2,"BNPP",410.734627678237
2019,"FK",2,1,0,"MLLMM",20,2,"totNPP",661.734627678237
2019,"FK",2,1,0,"MLLMM",23,2,"ANPP",123.15
2019,"FK",2,1,0,"MLLMM",23,2,"BNPP",280.124116734895
2019,"FK",2,1,0,"MLLMM",23,2,"totNPP",403.274116734895
2019,"FK",2,1,25,"MLLMM",24,2,"ANPP",140.3
2019,"FK",2,1,25,"MLLMM",24,2,"BNPP",345.038575173891
2019,"FK",2,1,25,"MLLMM",24,2,"totNPP",485.338575173891
2019,"FK",2,1,50,"MLLMM",19,2,"ANPP",145.2
2019,"FK",2,1,50,"MLLMM",19,2,"BNPP",256.298900290815
2019,"FK",2,1,50,"MLLMM",19,2,"totNPP",401.498900290815
2019,"FK",2,1,75,"MLLMM",22,2,"ANPP",98.1
2019,"FK",2,1,75,"MLLMM",22,2,"BNPP",291.948907036939
2019,"FK",2,1,75,"MLLMM",22,2,"totNPP",390.048907036939
2019,"FK",2,1,99,"MLLMM",21,2,"ANPP",54.5
2019,"FK",2,1,99,"MLLMM",21,2,"BNPP",404.185388116147
2019,"FK",2,1,99,"MLLMM",21,2,"totNPP",458.685388116147
2019,"FK",2,2,0,"MMMMM",25,1,"ANPP",129.7
2019,"FK",2,2,0,"MMMMM",25,1,"BNPP",503.425104904321
2019,"FK",2,2,0,"MMMMM",25,1,"totNPP",633.125104904321
2019,"FK",2,2,0,"MMMMM",29,1,"ANPP",159.95
2019,"FK",2,2,0,"MMMMM",29,1,"BNPP",452.647966310694
2019,"FK",2,2,0,"MMMMM",29,1,"totNPP",612.597966310694
2019,"FK",2,2,25,"MMMMM",30,1,"ANPP",87.55
2019,"FK",2,2,25,"MMMMM",30,1,"BNPP",523.800262907258
2019,"FK",2,2,25,"MMMMM",30,1,"totNPP",611.350262907258
2019,"FK",2,2,50,"MMMMM",27,1,"ANPP",85
2019,"FK",2,2,50,"MMMMM",27,1,"BNPP",543.88023240969
2019,"FK",2,2,50,"MMMMM",27,1,"totNPP",628.88023240969
2019,"FK",2,2,75,"MMMMM",26,1,"ANPP",55.95
2019,"FK",2,2,75,"MMMMM",26,1,"BNPP",473.663754217526
2019,"FK",2,2,75,"MMMMM",26,1,"totNPP",529.613754217526
2019,"FK",2,2,99,"MMMMM",28,1,"ANPP",83.1
2019,"FK",2,2,99,"MMMMM",28,1,"BNPP",366.494481743641
2019,"FK",2,2,99,"MMMMM",28,1,"totNPP",449.594481743641
2019,"FK",2,3,0,"HHMMM",34,2,"ANPP",127.9
2019,"FK",2,3,0,"HHMMM",34,2,"BNPP",481.105615312538
2019,"FK",2,3,0,"HHMMM",34,2,"totNPP",609.005615312538
2019,"FK",2,3,0,"HHMMM",36,2,"ANPP",106.45
2019,"FK",2,3,0,"HHMMM",36,2,"BNPP",317.053028974078
2019,"FK",2,3,0,"HHMMM",36,2,"totNPP",423.503028974078
2019,"FK",2,3,25,"HHMMM",32,2,"ANPP",127.45
2019,"FK",2,3,25,"HHMMM",32,2,"BNPP",352.260601864145
2019,"FK",2,3,25,"HHMMM",32,2,"totNPP",479.710601864145
2019,"FK",2,3,50,"HHMMM",35,2,"ANPP",68.8
2019,"FK",2,3,50,"HHMMM",35,2,"BNPP",338.975203475827
2019,"FK",2,3,50,"HHMMM",35,2,"totNPP",407.775203475827
2019,"FK",2,3,75,"HHMMM",33,2,"ANPP",126.95
2019,"FK",2,3,75,"HHMMM",33,2,"BNPP",287.002724022915
2019,"FK",2,3,75,"HHMMM",33,2,"totNPP",413.952724022915
2019,"FK",2,3,99,"HHMMM",31,2,"ANPP",47.05
2019,"FK",2,3,99,"HHMMM",31,2,"BNPP",285.390155327784
2019,"FK",2,3,99,"HHMMM",31,2,"totNPP",332.440155327784
2019,"FK",3,1,0,"MLLMM",39,1,"ANPP",360.15
2019,"FK",3,1,0,"MLLMM",39,1,"BNPP",235.966300922077
2019,"FK",3,1,0,"MLLMM",39,1,"totNPP",596.116300922077
2019,"FK",3,1,0,"MLLMM",41,1,"ANPP",135.65
2019,"FK",3,1,0,"MLLMM",41,1,"BNPP",337.110625064682
2019,"FK",3,1,0,"MLLMM",41,1,"totNPP",472.760625064682
2019,"FK",3,1,25,"MLLMM",38,1,"ANPP",118.7
2019,"FK",3,1,25,"MLLMM",38,1,"BNPP",252.532743935675
2019,"FK",3,1,25,"MLLMM",38,1,"totNPP",371.232743935675
2019,"FK",3,1,50,"MLLMM",42,1,"ANPP",123.35
2019,"FK",3,1,50,"MLLMM",42,1,"BNPP",329.658934893073
2019,"FK",3,1,50,"MLLMM",42,1,"totNPP",453.008934893073
2019,"FK",3,1,75,"MLLMM",37,1,"ANPP",142.7
2019,"FK",3,1,75,"MLLMM",37,1,"BNPP",155.433100302023
2019,"FK",3,1,75,"MLLMM",37,1,"totNPP",298.133100302023
2019,"FK",3,1,99,"MLLMM",40,1,"ANPP",87.1
2019,"FK",3,1,99,"MLLMM",40,1,"BNPP",247.093975714201
2019,"FK",3,1,99,"MLLMM",40,1,"totNPP",334.193975714201
2019,"FK",3,2,0,"MMMMM",43,1,"ANPP",107.55
2019,"FK",3,2,0,"MMMMM",43,1,"BNPP",211.850926462217
2019,"FK",3,2,0,"MMMMM",43,1,"totNPP",319.400926462217
2019,"FK",3,2,0,"MMMMM",48,1,"ANPP",131.05
2019,"FK",3,2,0,"MMMMM",48,1,"BNPP",373.292142287069
2019,"FK",3,2,0,"MMMMM",48,1,"totNPP",504.342142287069
2019,"FK",3,2,25,"MMMMM",44,1,"ANPP",90.5
2019,"FK",3,2,25,"MMMMM",44,1,"BNPP",310.256609619937
2019,"FK",3,2,25,"MMMMM",44,1,"totNPP",400.756609619937
2019,"FK",3,2,50,"MMMMM",45,1,"ANPP",112.9
2019,"FK",3,2,50,"MMMMM",45,1,"BNPP",215.929116535229
2019,"FK",3,2,50,"MMMMM",45,1,"totNPP",328.829116535229
2019,"FK",3,2,75,"MMMMM",46,1,"ANPP",96.35
2019,"FK",3,2,75,"MMMMM",46,1,"BNPP",294.741738702055
2019,"FK",3,2,75,"MMMMM",46,1,"totNPP",391.091738702055
2019,"FK",3,2,99,"MMMMM",47,1,"ANPP",59.8
2019,"FK",3,2,99,"MMMMM",47,1,"BNPP",446.467193330688
2019,"FK",3,2,99,"MMMMM",47,1,"totNPP",506.267193330688
2019,"FK",3,3,0,"HHMMM",52,2,"ANPP",117.15
2019,"FK",3,3,0,"HHMMM",52,2,"BNPP",110.391450674876
2019,"FK",3,3,0,"HHMMM",52,2,"totNPP",227.541450674876
2019,"FK",3,3,0,"HHMMM",53,2,"ANPP",112.75
2019,"FK",3,3,0,"HHMMM",53,2,"BNPP",320.725250669549
2019,"FK",3,3,0,"HHMMM",53,2,"totNPP",433.475250669549
2019,"FK",3,3,25,"HHMMM",50,2,"ANPP",161.4
2019,"FK",3,3,25,"HHMMM",50,2,"BNPP",341.847655974406
2019,"FK",3,3,25,"HHMMM",50,2,"totNPP",503.247655974406
2019,"FK",3,3,50,"HHMMM",49,2,"ANPP",125.75
2019,"FK",3,3,50,"HHMMM",49,2,"BNPP",380.752693332702
2019,"FK",3,3,50,"HHMMM",49,2,"totNPP",506.502693332702
2019,"FK",3,3,75,"HHMMM",54,2,"ANPP",118.95
2019,"FK",3,3,75,"HHMMM",54,2,"BNPP",374.703840324082
2019,"FK",3,3,75,"HHMMM",54,2,"totNPP",493.653840324082
2019,"FK",3,3,99,"HHMMM",51,2,"ANPP",104.85
2019,"FK",3,3,99,"HHMMM",51,2,"BNPP",308.522133587182
2019,"FK",3,3,99,"HHMMM",51,2,"totNPP",413.372133587182
2020,"FK",1,1,0,"MMMMM",3,2,"ANPP",167
2020,"FK",1,1,0,"MMMMM",3,2,"BNPP",440.018462632902
2020,"FK",1,1,0,"MMMMM",3,2,"totNPP",607.018462632902
2020,"FK",1,1,0,"MMMMM",4,2,"ANPP",138.95
2020,"FK",1,1,0,"MMMMM",4,2,"BNPP",466.780965728525
2020,"FK",1,1,0,"MMMMM",4,2,"totNPP",605.730965728525
2020,"FK",1,1,25,"MMMMM",6,2,"ANPP",85.55
2020,"FK",1,1,25,"MMMMM",6,2,"BNPP",436.839871333883
2020,"FK",1,1,25,"MMMMM",6,2,"totNPP",522.389871333883
2020,"FK",1,1,50,"MMMMM",5,2,"ANPP",143
2020,"FK",1,1,50,"MMMMM",5,2,"BNPP",620.596453837975
2020,"FK",1,1,50,"MMMMM",5,2,"totNPP",763.596453837975
2020,"FK",1,1,75,"MMMMM",1,2,"ANPP",98.05
2020,"FK",1,1,75,"MMMMM",1,2,"BNPP",425.956303596274
2020,"FK",1,1,75,"MMMMM",1,2,"totNPP",524.006303596274
2020,"FK",1,1,99,"MMMMM",2,2,"ANPP",84.6
2020,"FK",1,1,99,"MMMMM",2,2,"BNPP",445.935090644357
2020,"FK",1,1,99,"MMMMM",2,2,"totNPP",530.535090644357
2020,"FK",1,2,0,"HHMMM",7,1,"ANPP",116.2
2020,"FK",1,2,0,"HHMMM",7,1,"BNPP",458.724810831146
2020,"FK",1,2,0,"HHMMM",7,1,"totNPP",574.924810831146
2020,"FK",1,2,0,"HHMMM",9,1,"ANPP",214.55
2020,"FK",1,2,0,"HHMMM",9,1,"BNPP",464.462118227613
2020,"FK",1,2,0,"HHMMM",9,1,"totNPP",679.012118227613
2020,"FK",1,2,25,"HHMMM",12,1,"ANPP",186.35
2020,"FK",1,2,25,"HHMMM",12,1,"BNPP",551.822228981591
2020,"FK",1,2,25,"HHMMM",12,1,"totNPP",738.172228981591
2020,"FK",1,2,50,"HHMMM",11,1,"ANPP",87.05
2020,"FK",1,2,50,"HHMMM",11,1,"BNPP",790.166511023767
2020,"FK",1,2,50,"HHMMM",11,1,"totNPP",877.216511023767
2020,"FK",1,2,75,"HHMMM",8,1,"ANPP",82
2020,"FK",1,2,75,"HHMMM",8,1,"BNPP",566.217898509016
2020,"FK",1,2,75,"HHMMM",8,1,"totNPP",648.217898509016
2020,"FK",1,2,99,"HHMMM",10,1,"ANPP",51.05
2020,"FK",1,2,99,"HHMMM",10,1,"BNPP",534.673568496341
2020,"FK",1,2,99,"HHMMM",10,1,"totNPP",585.723568496341
2020,"FK",1,3,0,"MLLMM",15,2,"ANPP",144.75
2020,"FK",1,3,0,"MLLMM",15,2,"BNPP",718.149908331517
2020,"FK",1,3,0,"MLLMM",15,2,"totNPP",862.899908331517
2020,"FK",1,3,0,"MLLMM",17,2,"ANPP",164.1
2020,"FK",1,3,0,"MLLMM",17,2,"BNPP",619.425493991284
2020,"FK",1,3,0,"MLLMM",17,2,"totNPP",783.525493991285
2020,"FK",1,3,25,"MLLMM",16,2,"ANPP",98.95
2020,"FK",1,3,25,"MLLMM",16,2,"BNPP",476.508719480702
2020,"FK",1,3,25,"MLLMM",16,2,"totNPP",575.458719480702
2020,"FK",1,3,50,"MLLMM",13,2,"ANPP",79.25
2020,"FK",1,3,50,"MLLMM",13,2,"BNPP",796.810021869905
2020,"FK",1,3,50,"MLLMM",13,2,"totNPP",876.060021869905
2020,"FK",1,3,75,"MLLMM",14,2,"ANPP",99.95
2020,"FK",1,3,75,"MLLMM",14,2,"BNPP",577.302975036502
2020,"FK",1,3,75,"MLLMM",14,2,"totNPP",677.252975036502
2020,"FK",1,3,99,"MLLMM",18,2,"ANPP",95.8
2020,"FK",1,3,99,"MLLMM",18,2,"BNPP",677.199107815348
2020,"FK",1,3,99,"MLLMM",18,2,"totNPP",772.999107815348
2020,"FK",2,1,0,"MLLMM",20,2,"ANPP",161.3
2020,"FK",2,1,0,"MLLMM",20,2,"BNPP",371.341349034562
2020,"FK",2,1,0,"MLLMM",20,2,"totNPP",532.641349034562
2020,"FK",2,1,0,"MLLMM",23,2,"ANPP",89.8
2020,"FK",2,1,0,"MLLMM",23,2,"BNPP",328.167414524093
2020,"FK",2,1,0,"MLLMM",23,2,"totNPP",417.967414524093
2020,"FK",2,1,25,"MLLMM",24,2,"ANPP",110.35
2020,"FK",2,1,25,"MLLMM",24,2,"BNPP",476.763866954561
2020,"FK",2,1,25,"MLLMM",24,2,"totNPP",587.113866954561
2020,"FK",2,1,50,"MLLMM",19,2,"ANPP",136.55
2020,"FK",2,1,50,"MLLMM",19,2,"BNPP",446.06154809358
2020,"FK",2,1,50,"MLLMM",19,2,"totNPP",582.61154809358
2020,"FK",2,1,75,"MLLMM",22,2,"ANPP",85.75
2020,"FK",2,1,75,"MLLMM",22,2,"BNPP",626.412042420441
2020,"FK",2,1,75,"MLLMM",22,2,"totNPP",712.162042420441
2020,"FK",2,1,99,"MLLMM",21,2,"ANPP",89
2020,"FK",2,1,99,"MLLMM",21,2,"BNPP",512.092449132298
2020,"FK",2,1,99,"MLLMM",21,2,"totNPP",601.092449132298
2020,"FK",2,2,0,"MMMMM",25,1,"ANPP",99.9
2020,"FK",2,2,0,"MMMMM",25,1,"BNPP",390.212329320837
2020,"FK",2,2,0,"MMMMM",25,1,"totNPP",490.112329320837
2020,"FK",2,2,0,"MMMMM",29,1,"ANPP",144.5
2020,"FK",2,2,0,"MMMMM",29,1,"BNPP",417.556509838783
2020,"FK",2,2,0,"MMMMM",29,1,"totNPP",562.056509838783
2020,"FK",2,2,25,"MMMMM",30,1,"ANPP",92.35
2020,"FK",2,2,25,"MMMMM",30,1,"BNPP",542.71129504994
2020,"FK",2,2,25,"MMMMM",30,1,"totNPP",635.06129504994
2020,"FK",2,2,50,"MMMMM",27,1,"ANPP",70.3
2020,"FK",2,2,50,"MMMMM",27,1,"BNPP",435.557037070108
2020,"FK",2,2,50,"MMMMM",27,1,"totNPP",505.857037070108
2020,"FK",2,2,75,"MMMMM",26,1,"ANPP",67.65
2020,"FK",2,2,75,"MMMMM",26,1,"BNPP",411.320613671942
2020,"FK",2,2,75,"MMMMM",26,1,"totNPP",478.970613671942
2020,"FK",2,2,99,"MMMMM",28,1,"ANPP",85.75
2020,"FK",2,2,99,"MMMMM",28,1,"BNPP",520.620603937452
2020,"FK",2,2,99,"MMMMM",28,1,"totNPP",606.370603937452
2020,"FK",2,3,0,"HHMMM",34,2,"ANPP",105.55
2020,"FK",2,3,0,"HHMMM",34,2,"BNPP",488.472262413341
2020,"FK",2,3,0,"HHMMM",34,2,"totNPP",594.022262413341
2020,"FK",2,3,0,"HHMMM",36,2,"ANPP",105.75
2020,"FK",2,3,0,"HHMMM",36,2,"BNPP",540.405629264308
2020,"FK",2,3,0,"HHMMM",36,2,"totNPP",646.155629264308
2020,"FK",2,3,25,"HHMMM",32,2,"ANPP",90.2
2020,"FK",2,3,25,"HHMMM",32,2,"BNPP",684.121679281109
2020,"FK",2,3,25,"HHMMM",32,2,"totNPP",774.321679281109
2020,"FK",2,3,50,"HHMMM",35,2,"ANPP",83.95
2020,"FK",2,3,50,"HHMMM",35,2,"BNPP",583.780318947343
2020,"FK",2,3,50,"HHMMM",35,2,"totNPP",667.730318947343
2020,"FK",2,3,75,"HHMMM",33,2,"ANPP",90.1
2020,"FK",2,3,75,"HHMMM",33,2,"BNPP",778.744260386006
2020,"FK",2,3,75,"HHMMM",33,2,"totNPP",868.844260386006
2020,"FK",2,3,99,"HHMMM",31,2,"ANPP",87.2
2020,"FK",2,3,99,"HHMMM",31,2,"BNPP",764.942508022964
2020,"FK",2,3,99,"HHMMM",31,2,"totNPP",852.142508022964
2020,"FK",3,1,0,"MLLMM",39,1,"ANPP",164.9
2020,"FK",3,1,0,"MLLMM",39,1,"BNPP",734.830271378775
2020,"FK",3,1,0,"MLLMM",39,1,"totNPP",899.730271378775
2020,"FK",3,1,0,"MLLMM",41,1,"ANPP",61.1
2020,"FK",3,1,0,"MLLMM",41,1,"BNPP",541.446161217473
2020,"FK",3,1,0,"MLLMM",41,1,"totNPP",602.546161217473
2020,"FK",3,1,25,"MLLMM",38,1,"ANPP",151.8
2020,"FK",3,1,25,"MLLMM",38,1,"BNPP",573.348107533134
2020,"FK",3,1,25,"MLLMM",38,1,"totNPP",725.148107533134
2020,"FK",3,1,50,"MLLMM",42,1,"ANPP",76.85
2020,"FK",3,1,50,"MLLMM",42,1,"BNPP",820.015034286347
2020,"FK",3,1,50,"MLLMM",42,1,"totNPP",896.865034286347
2020,"FK",3,1,75,"MLLMM",37,1,"ANPP",112.55
2020,"FK",3,1,75,"MLLMM",37,1,"BNPP",728.719378327262
2020,"FK",3,1,75,"MLLMM",37,1,"totNPP",841.269378327262
2020,"FK",3,1,99,"MLLMM",40,1,"ANPP",81.2
2020,"FK",3,1,99,"MLLMM",40,1,"BNPP",596.146857580422
2020,"FK",3,1,99,"MLLMM",40,1,"totNPP",677.346857580422
2020,"FK",3,2,0,"MMMMM",43,1,"ANPP",188.55
2020,"FK",3,2,0,"MMMMM",43,1,"BNPP",439.700681014979
2020,"FK",3,2,0,"MMMMM",43,1,"totNPP",628.250681014979
2020,"FK",3,2,0,"MMMMM",48,1,"ANPP",431.2
2020,"FK",3,2,0,"MMMMM",48,1,"BNPP",514.092481396617
2020,"FK",3,2,0,"MMMMM",48,1,"totNPP",945.292481396616
2020,"FK",3,2,25,"MMMMM",44,1,"ANPP",78
2020,"FK",3,2,25,"MMMMM",44,1,"BNPP",579.918379226985
2020,"FK",3,2,25,"MMMMM",44,1,"totNPP",657.918379226985
2020,"FK",3,2,50,"MMMMM",45,1,"ANPP",120
2020,"FK",3,2,50,"MMMMM",45,1,"BNPP",692.298662460766
2020,"FK",3,2,50,"MMMMM",45,1,"totNPP",812.298662460766
2020,"FK",3,2,75,"MMMMM",46,1,"ANPP",75.15
2020,"FK",3,2,75,"MMMMM",46,1,"BNPP",658.685597854484
2020,"FK",3,2,75,"MMMMM",46,1,"totNPP",733.835597854484
2020,"FK",3,2,99,"MMMMM",47,1,"ANPP",47.45
2020,"FK",3,2,99,"MMMMM",47,1,"BNPP",524.178609673308
2020,"FK",3,2,99,"MMMMM",47,1,"totNPP",571.628609673308
2020,"FK",3,3,0,"HHMMM",52,2,"ANPP",121.25
2020,"FK",3,3,0,"HHMMM",52,2,"BNPP",561.095662885329
2020,"FK",3,3,0,"HHMMM",52,2,"totNPP",682.345662885329
2020,"FK",3,3,0,"HHMMM",53,2,"ANPP",88.3
2020,"FK",3,3,0,"HHMMM",53,2,"BNPP",645.794724686001
2020,"FK",3,3,0,"HHMMM",53,2,"totNPP",734.094724686001
2020,"FK",3,3,25,"HHMMM",50,2,"ANPP",99.7
2020,"FK",3,3,25,"HHMMM",50,2,"BNPP",673.355335855417
2020,"FK",3,3,25,"HHMMM",50,2,"totNPP",773.055335855417
2020,"FK",3,3,50,"HHMMM",49,2,"ANPP",125.3
2020,"FK",3,3,50,"HHMMM",49,2,"BNPP",607.955655726625
2020,"FK",3,3,50,"HHMMM",49,2,"totNPP",733.255655726625
2020,"FK",3,3,75,"HHMMM",54,2,"ANPP",82.35
2020,"FK",3,3,75,"HHMMM",54,2,"BNPP",649.165319366381
2020,"FK",3,3,75,"HHMMM",54,2,"totNPP",731.515319366381
2020,"FK",3,3,99,"HHMMM",51,2,"ANPP",73.7
2020,"FK",3,3,99,"HHMMM",51,2,"BNPP",581.177780660882
2020,"FK",3,3,99,"HHMMM",51,2,"totNPP",654.877780660882
2021,"FK",1,1,0,"MMMMM",3,2,"ANPP",55.65
2021,"FK",1,1,0,"MMMMM",3,2,"BNPP",503.001523314622
2021,"FK",1,1,0,"MMMMM",3,2,"totNPP",558.651523314622
2021,"FK",1,1,0,"MMMMM",4,2,"ANPP",64.95
2021,"FK",1,1,0,"MMMMM",4,2,"BNPP",544.608010135011
2021,"FK",1,1,0,"MMMMM",4,2,"totNPP",609.558010135011
2021,"FK",1,1,25,"MMMMM",6,2,"ANPP",63.4
2021,"FK",1,1,25,"MMMMM",6,2,"BNPP",588.136451962713
2021,"FK",1,1,25,"MMMMM",6,2,"totNPP",651.536451962713
2021,"FK",1,1,50,"MMMMM",5,2,"ANPP",27.4
2021,"FK",1,1,50,"MMMMM",5,2,"BNPP",676.426540354294
2021,"FK",1,1,50,"MMMMM",5,2,"totNPP",703.826540354294
2021,"FK",1,1,75,"MMMMM",1,2,"ANPP",23.9
2021,"FK",1,1,75,"MMMMM",1,2,"BNPP",499.87116475872
2021,"FK",1,1,75,"MMMMM",1,2,"totNPP",523.77116475872
2021,"FK",1,1,99,"MMMMM",2,2,"ANPP",31.6
2021,"FK",1,1,99,"MMMMM",2,2,"BNPP",464.617700250971
2021,"FK",1,1,99,"MMMMM",2,2,"totNPP",496.217700250971
2021,"FK",1,2,0,"HHMMM",7,1,"ANPP",77.25
2021,"FK",1,2,0,"HHMMM",7,1,"BNPP",599.263615708367
2021,"FK",1,2,0,"HHMMM",7,1,"totNPP",676.513615708367
2021,"FK",1,2,0,"HHMMM",9,1,"ANPP",45.1
2021,"FK",1,2,0,"HHMMM",9,1,"BNPP",558.77616767862
2021,"FK",1,2,0,"HHMMM",9,1,"totNPP",603.87616767862
2021,"FK",1,2,25,"HHMMM",12,1,"ANPP",65.95
2021,"FK",1,2,25,"HHMMM",12,1,"BNPP",551.732161341082
2021,"FK",1,2,25,"HHMMM",12,1,"totNPP",617.682161341082
2021,"FK",1,2,50,"HHMMM",11,1,"ANPP",54.65
2021,"FK",1,2,50,"HHMMM",11,1,"BNPP",586.174486842128
2021,"FK",1,2,50,"HHMMM",11,1,"totNPP",640.824486842128
2021,"FK",1,2,75,"HHMMM",8,1,"ANPP",55.2
2021,"FK",1,2,75,"HHMMM",8,1,"BNPP",545.219710642838
2021,"FK",1,2,75,"HHMMM",8,1,"totNPP",600.419710642838
2021,"FK",1,2,99,"HHMMM",10,1,"ANPP",44.35
2021,"FK",1,2,99,"HHMMM",10,1,"BNPP",554.534448280722
2021,"FK",1,2,99,"HHMMM",10,1,"totNPP",598.884448280722
2021,"FK",1,3,0,"MLLMM",15,2,"ANPP",84.05
2021,"FK",1,3,0,"MLLMM",15,2,"BNPP",561.536634280126
2021,"FK",1,3,0,"MLLMM",15,2,"totNPP",645.586634280126
2021,"FK",1,3,0,"MLLMM",17,2,"ANPP",81.5
2021,"FK",1,3,0,"MLLMM",17,2,"BNPP",739.610339259654
2021,"FK",1,3,0,"MLLMM",17,2,"totNPP",821.110339259654
2021,"FK",1,3,25,"MLLMM",16,2,"ANPP",24.35
2021,"FK",1,3,25,"MLLMM",16,2,"BNPP",581.926740188017
2021,"FK",1,3,25,"MLLMM",16,2,"totNPP",606.276740188017
2021,"FK",1,3,50,"MLLMM",13,2,"ANPP",33
2021,"FK",1,3,50,"MLLMM",13,2,"BNPP",572.877519326364
2021,"FK",1,3,50,"MLLMM",13,2,"totNPP",605.877519326364
2021,"FK",1,3,75,"MLLMM",14,2,"ANPP",14
2021,"FK",1,3,75,"MLLMM",14,2,"BNPP",641.32903134738
2021,"FK",1,3,75,"MLLMM",14,2,"totNPP",655.32903134738
2021,"FK",1,3,99,"MLLMM",18,2,"ANPP",18.05
2021,"FK",1,3,99,"MLLMM",18,2,"BNPP",463.554347567603
2021,"FK",1,3,99,"MLLMM",18,2,"totNPP",481.604347567603
2021,"FK",2,1,0,"MLLMM",20,2,"ANPP",52.6
2021,"FK",2,1,0,"MLLMM",20,2,"BNPP",600.538254698724
2021,"FK",2,1,0,"MLLMM",20,2,"totNPP",653.138254698724
2021,"FK",2,1,0,"MLLMM",23,2,"ANPP",61.65
2021,"FK",2,1,0,"MLLMM",23,2,"BNPP",499.663135901541
2021,"FK",2,1,0,"MLLMM",23,2,"totNPP",561.313135901541
2021,"FK",2,1,25,"MLLMM",24,2,"ANPP",46.6
2021,"FK",2,1,25,"MLLMM",24,2,"BNPP",581.659457409574
2021,"FK",2,1,25,"MLLMM",24,2,"totNPP",628.259457409574
2021,"FK",2,1,50,"MLLMM",19,2,"ANPP",71.9
2021,"FK",2,1,50,"MLLMM",19,2,"BNPP",589.548655272705
2021,"FK",2,1,50,"MLLMM",19,2,"totNPP",661.448655272705
2021,"FK",2,1,75,"MLLMM",22,2,"ANPP",36.3
2021,"FK",2,1,75,"MLLMM",22,2,"BNPP",606.4632304319
2021,"FK",2,1,75,"MLLMM",22,2,"totNPP",642.7632304319
2021,"FK",2,1,99,"MLLMM",21,2,"ANPP",17.75
2021,"FK",2,1,99,"MLLMM",21,2,"BNPP",547.492487338872
2021,"FK",2,1,99,"MLLMM",21,2,"totNPP",565.242487338872
2021,"FK",2,2,0,"MMMMM",25,1,"ANPP",39.75
2021,"FK",2,2,0,"MMMMM",25,1,"BNPP",681.512443294483
2021,"FK",2,2,0,"MMMMM",25,1,"totNPP",721.262443294483
2021,"FK",2,2,0,"MMMMM",29,1,"ANPP",60.55
2021,"FK",2,2,0,"MMMMM",29,1,"BNPP",443.954885052236
2021,"FK",2,2,0,"MMMMM",29,1,"totNPP",504.504885052236
2021,"FK",2,2,25,"MMMMM",30,1,"ANPP",46.95
2021,"FK",2,2,25,"MMMMM",30,1,"BNPP",348.405104967473
2021,"FK",2,2,25,"MMMMM",30,1,"totNPP",395.355104967473
2021,"FK",2,2,50,"MMMMM",27,1,"ANPP",17.35
2021,"FK",2,2,50,"MMMMM",27,1,"BNPP",519.545150787954
2021,"FK",2,2,50,"MMMMM",27,1,"totNPP",536.895150787954
2021,"FK",2,2,75,"MMMMM",26,1,"ANPP",36.15
2021,"FK",2,2,75,"MMMMM",26,1,"BNPP",499.564863099482
2021,"FK",2,2,75,"MMMMM",26,1,"totNPP",535.714863099482
2021,"FK",2,2,99,"MMMMM",28,1,"ANPP",7.9
2021,"FK",2,2,99,"MMMMM",28,1,"BNPP",466.663070472809
2021,"FK",2,2,99,"MMMMM",28,1,"totNPP",474.563070472809
2021,"FK",2,3,0,"HHMMM",34,2,"ANPP",18.9
2021,"FK",2,3,0,"HHMMM",34,2,"BNPP",343.496644606076
2021,"FK",2,3,0,"HHMMM",34,2,"totNPP",362.396644606076
2021,"FK",2,3,0,"HHMMM",36,2,"ANPP",30.25
2021,"FK",2,3,0,"HHMMM",36,2,"BNPP",555.582167726665
2021,"FK",2,3,0,"HHMMM",36,2,"totNPP",585.832167726665
2021,"FK",2,3,25,"HHMMM",32,2,"ANPP",37.7
2021,"FK",2,3,25,"HHMMM",32,2,"BNPP",405.323392107714
2021,"FK",2,3,25,"HHMMM",32,2,"totNPP",443.023392107714
2021,"FK",2,3,50,"HHMMM",35,2,"ANPP",33.2
2021,"FK",2,3,50,"HHMMM",35,2,"BNPP",442.625535329148
2021,"FK",2,3,50,"HHMMM",35,2,"totNPP",475.825535329148
2021,"FK",2,3,75,"HHMMM",33,2,"ANPP",21.7
2021,"FK",2,3,75,"HHMMM",33,2,"BNPP",274.705883104349
2021,"FK",2,3,75,"HHMMM",33,2,"totNPP",296.405883104349
2021,"FK",2,3,99,"HHMMM",31,2,"ANPP",9.9
2021,"FK",2,3,99,"HHMMM",31,2,"BNPP",372.10816230478
2021,"FK",2,3,99,"HHMMM",31,2,"totNPP",382.00816230478
2021,"FK",3,1,0,"MLLMM",39,1,"ANPP",80.85
2021,"FK",3,1,0,"MLLMM",39,1,"BNPP",407.015424232535
2021,"FK",3,1,0,"MLLMM",39,1,"totNPP",487.865424232535
2021,"FK",3,1,0,"MLLMM",41,1,"ANPP",46.05
2021,"FK",3,1,0,"MLLMM",41,1,"BNPP",524.900389586767
2021,"FK",3,1,0,"MLLMM",41,1,"totNPP",570.950389586767
2021,"FK",3,1,25,"MLLMM",38,1,"ANPP",75.45
2021,"FK",3,1,25,"MLLMM",38,1,"BNPP",381.328741006574
2021,"FK",3,1,25,"MLLMM",38,1,"totNPP",456.778741006574
2021,"FK",3,1,50,"MLLMM",42,1,"ANPP",49.65
2021,"FK",3,1,50,"MLLMM",42,1,"BNPP",401.444375826405
2021,"FK",3,1,50,"MLLMM",42,1,"totNPP",451.094375826405
2021,"FK",3,1,75,"MLLMM",37,1,"ANPP",49.25
2021,"FK",3,1,75,"MLLMM",37,1,"BNPP",440.93270779446
2021,"FK",3,1,75,"MLLMM",37,1,"totNPP",490.18270779446
2021,"FK",3,1,99,"MLLMM",40,1,"ANPP",29.75
2021,"FK",3,1,99,"MLLMM",40,1,"BNPP",338.678605170551
2021,"FK",3,1,99,"MLLMM",40,1,"totNPP",368.428605170551
2021,"FK",3,2,0,"MMMMM",43,1,"ANPP",47.65
2021,"FK",3,2,0,"MMMMM",43,1,"BNPP",487.573138651793
2021,"FK",3,2,0,"MMMMM",43,1,"totNPP",535.223138651793
2021,"FK",3,2,0,"MMMMM",48,1,"ANPP",71.85
2021,"FK",3,2,0,"MMMMM",48,1,"BNPP",497.523721204292
2021,"FK",3,2,0,"MMMMM",48,1,"totNPP",569.373721204292
2021,"FK",3,2,25,"MMMMM",44,1,"ANPP",50.25
2021,"FK",3,2,25,"MMMMM",44,1,"BNPP",332.923680828715
2021,"FK",3,2,25,"MMMMM",44,1,"totNPP",383.173680828715
2021,"FK",3,2,50,"MMMMM",45,1,"ANPP",20.1
2021,"FK",3,2,50,"MMMMM",45,1,"BNPP",357.900666713862
2021,"FK",3,2,50,"MMMMM",45,1,"totNPP",378.000666713862
2021,"FK",3,2,75,"MMMMM",46,1,"ANPP",41.95
2021,"FK",3,2,75,"MMMMM",46,1,"BNPP",502.376550481898
2021,"FK",3,2,75,"MMMMM",46,1,"totNPP",544.326550481898
2021,"FK",3,2,99,"MMMMM",47,1,"ANPP",19.7
2021,"FK",3,2,99,"MMMMM",47,1,"BNPP",490.817600027942
2021,"FK",3,2,99,"MMMMM",47,1,"totNPP",510.517600027942
2021,"FK",3,3,0,"HHMMM",52,2,"ANPP",46.2
2021,"FK",3,3,0,"HHMMM",52,2,"BNPP",732.6466682973
2021,"FK",3,3,0,"HHMMM",52,2,"totNPP",778.8466682973
2021,"FK",3,3,0,"HHMMM",53,2,"ANPP",27.45
2021,"FK",3,3,0,"HHMMM",53,2,"BNPP",349.162929823086
2021,"FK",3,3,0,"HHMMM",53,2,"totNPP",376.612929823086
2021,"FK",3,3,25,"HHMMM",50,2,"ANPP",54.05
2021,"FK",3,3,25,"HHMMM",50,2,"BNPP",354.234499431345
2021,"FK",3,3,25,"HHMMM",50,2,"totNPP",408.284499431345
2021,"FK",3,3,50,"HHMMM",49,2,"ANPP",23.9
2021,"FK",3,3,50,"HHMMM",49,2,"BNPP",359.466777539204
2021,"FK",3,3,50,"HHMMM",49,2,"totNPP",383.366777539204
2021,"FK",3,3,75,"HHMMM",54,2,"ANPP",30.05
2021,"FK",3,3,75,"HHMMM",54,2,"BNPP",420.936006617008
2021,"FK",3,3,75,"HHMMM",54,2,"totNPP",450.986006617008
2021,"FK",3,3,99,"HHMMM",51,2,"ANPP",7.95
2021,"FK",3,3,99,"HHMMM",51,2,"BNPP",410.61966770164
2021,"FK",3,3,99,"HHMMM",51,2,"totNPP",418.56966770164
2022,"FK",1,1,0,"MMMMM",3,2,"ANPP",133.95
2022,"FK",1,1,0,"MMMMM",3,2,"BNPP",546.133634301073
2022,"FK",1,1,0,"MMMMM",3,2,"totNPP",680.083634301073
2022,"FK",1,1,0,"MMMMM",4,2,"ANPP",132.1
2022,"FK",1,1,0,"MMMMM",4,2,"BNPP",236.757493446622
2022,"FK",1,1,0,"MMMMM",4,2,"totNPP",368.857493446622
2022,"FK",1,1,25,"MMMMM",6,2,"ANPP",169
2022,"FK",1,1,25,"MMMMM",6,2,"BNPP",333.956768021284
2022,"FK",1,1,25,"MMMMM",6,2,"totNPP",502.956768021284
2022,"FK",1,1,50,"MMMMM",5,2,"ANPP",122.5
2022,"FK",1,1,50,"MMMMM",5,2,"BNPP",370.126774464817
2022,"FK",1,1,50,"MMMMM",5,2,"totNPP",492.626774464817
2022,"FK",1,1,75,"MMMMM",1,2,"ANPP",113.65
2022,"FK",1,1,75,"MMMMM",1,2,"BNPP",392.73236177744
2022,"FK",1,1,75,"MMMMM",1,2,"totNPP",506.38236177744
2022,"FK",1,1,99,"MMMMM",2,2,"ANPP",85.6
2022,"FK",1,1,99,"MMMMM",2,2,"BNPP",504.248062447562
2022,"FK",1,1,99,"MMMMM",2,2,"totNPP",589.848062447562
2022,"FK",1,2,0,"HHMMM",7,1,"ANPP",133.75
2022,"FK",1,2,0,"HHMMM",7,1,"BNPP",428.994217367102
2022,"FK",1,2,0,"HHMMM",7,1,"totNPP",562.744217367102
2022,"FK",1,2,0,"HHMMM",9,1,"ANPP",126.4
2022,"FK",1,2,0,"HHMMM",9,1,"BNPP",336.457912620576
2022,"FK",1,2,0,"HHMMM",9,1,"totNPP",462.857912620576
2022,"FK",1,2,25,"HHMMM",12,1,"ANPP",167.1
2022,"FK",1,2,25,"HHMMM",12,1,"BNPP",191.077253719
2022,"FK",1,2,25,"HHMMM",12,1,"totNPP",358.177253719
2022,"FK",1,2,50,"HHMMM",11,1,"ANPP",138.4
2022,"FK",1,2,50,"HHMMM",11,1,"BNPP",333.043682636391
2022,"FK",1,2,50,"HHMMM",11,1,"totNPP",471.443682636391
2022,"FK",1,2,75,"HHMMM",8,1,"ANPP",128.95
2022,"FK",1,2,75,"HHMMM",8,1,"BNPP",230.561118829155
2022,"FK",1,2,75,"HHMMM",8,1,"totNPP",359.511118829155
2022,"FK",1,2,99,"HHMMM",10,1,"ANPP",134
2022,"FK",1,2,99,"HHMMM",10,1,"BNPP",421.663453126601
2022,"FK",1,2,99,"HHMMM",10,1,"totNPP",555.663453126601
2022,"FK",1,3,0,"MLLMM",15,2,"ANPP",80.05
2022,"FK",1,3,0,"MLLMM",15,2,"BNPP",625.853967196296
2022,"FK",1,3,0,"MLLMM",15,2,"totNPP",705.903967196296
2022,"FK",1,3,0,"MLLMM",17,2,"ANPP",158.45
2022,"FK",1,3,0,"MLLMM",17,2,"BNPP",381.904683460411
2022,"FK",1,3,0,"MLLMM",17,2,"totNPP",540.354683460411
2022,"FK",1,3,25,"MLLMM",16,2,"ANPP",105.35
2022,"FK",1,3,25,"MLLMM",16,2,"BNPP",753.206017475049
2022,"FK",1,3,25,"MLLMM",16,2,"totNPP",858.556017475049
2022,"FK",1,3,50,"MLLMM",13,2,"ANPP",93.25
2022,"FK",1,3,50,"MLLMM",13,2,"BNPP",661.440842058568
2022,"FK",1,3,50,"MLLMM",13,2,"totNPP",754.690842058568
2022,"FK",1,3,75,"MLLMM",14,2,"ANPP",78.15
2022,"FK",1,3,75,"MLLMM",14,2,"BNPP",344.001928384823
2022,"FK",1,3,75,"MLLMM",14,2,"totNPP",422.151928384823
2022,"FK",1,3,99,"MLLMM",18,2,"ANPP",152.9
2022,"FK",1,3,99,"MLLMM",18,2,"BNPP",234.576435011774
2022,"FK",1,3,99,"MLLMM",18,2,"totNPP",387.476435011774
2022,"FK",2,1,0,"MLLMM",20,2,"ANPP",138
2022,"FK",2,1,0,"MLLMM",20,2,"BNPP",808.216615592198
2022,"FK",2,1,0,"MLLMM",20,2,"totNPP",946.216615592198
2022,"FK",2,1,0,"MLLMM",23,2,"ANPP",88
2022,"FK",2,1,0,"MLLMM",23,2,"BNPP",499.354516374733
2022,"FK",2,1,0,"MLLMM",23,2,"totNPP",587.354516374733
2022,"FK",2,1,25,"MLLMM",24,2,"ANPP",127.95
2022,"FK",2,1,25,"MLLMM",24,2,"BNPP",498.228128084469
2022,"FK",2,1,25,"MLLMM",24,2,"totNPP",626.178128084469
2022,"FK",2,1,50,"MLLMM",19,2,"ANPP",158.4
2022,"FK",2,1,50,"MLLMM",19,2,"BNPP",798.954627080244
2022,"FK",2,1,50,"MLLMM",19,2,"totNPP",957.354627080244
2022,"FK",2,1,75,"MLLMM",22,2,"ANPP",139.8
2022,"FK",2,1,75,"MLLMM",22,2,"BNPP",653.257018514539
2022,"FK",2,1,75,"MLLMM",22,2,"totNPP",793.057018514539
2022,"FK",2,1,99,"MLLMM",21,2,"ANPP",112.35
2022,"FK",2,1,99,"MLLMM",21,2,"BNPP",565.549855961455
2022,"FK",2,1,99,"MLLMM",21,2,"totNPP",677.899855961455
2022,"FK",2,2,0,"MMMMM",25,1,"ANPP",105.2
2022,"FK",2,2,0,"MMMMM",25,1,"BNPP",559.025366431183
2022,"FK",2,2,0,"MMMMM",25,1,"totNPP",664.225366431183
2022,"FK",2,2,0,"MMMMM",29,1,"ANPP",38.85
2022,"FK",2,2,0,"MMMMM",29,1,"BNPP",725.829800938496
2022,"FK",2,2,0,"MMMMM",29,1,"totNPP",764.679800938496
2022,"FK",2,2,25,"MMMMM",30,1,"ANPP",125.85
2022,"FK",2,2,25,"MMMMM",30,1,"BNPP",473.480636500406
2022,"FK",2,2,25,"MMMMM",30,1,"totNPP",599.330636500406
2022,"FK",2,2,50,"MMMMM",27,1,"ANPP",87.65
2022,"FK",2,2,50,"MMMMM",27,1,"BNPP",544.761928407185
2022,"FK",2,2,50,"MMMMM",27,1,"totNPP",632.411928407185
2022,"FK",2,2,75,"MMMMM",26,1,"ANPP",109.3
2022,"FK",2,2,75,"MMMMM",26,1,"BNPP",494.631666848048
2022,"FK",2,2,75,"MMMMM",26,1,"totNPP",603.931666848048
2022,"FK",2,2,99,"MMMMM",28,1,"ANPP",51.2
2022,"FK",2,2,99,"MMMMM",28,1,"BNPP",705.600526650503
2022,"FK",2,2,99,"MMMMM",28,1,"totNPP",756.800526650503
2022,"FK",2,3,0,"HHMMM",34,2,"ANPP",184.65
2022,"FK",2,3,0,"HHMMM",34,2,"BNPP",737.130540411179
2022,"FK",2,3,0,"HHMMM",34,2,"totNPP",921.780540411179
2022,"FK",2,3,0,"HHMMM",36,2,"ANPP",113.3
2022,"FK",2,3,0,"HHMMM",36,2,"BNPP",728.178312280437
2022,"FK",2,3,0,"HHMMM",36,2,"totNPP",841.478312280437
2022,"FK",2,3,25,"HHMMM",32,2,"ANPP",100
2022,"FK",2,3,25,"HHMMM",32,2,"BNPP",526.728918417832
2022,"FK",2,3,25,"HHMMM",32,2,"totNPP",626.728918417832
2022,"FK",2,3,50,"HHMMM",35,2,"ANPP",140.6
2022,"FK",2,3,50,"HHMMM",35,2,"BNPP",340.829625771677
2022,"FK",2,3,50,"HHMMM",35,2,"totNPP",481.429625771677
2022,"FK",2,3,75,"HHMMM",33,2,"ANPP",100.05
2022,"FK",2,3,75,"HHMMM",33,2,"BNPP",609.825794653566
2022,"FK",2,3,75,"HHMMM",33,2,"totNPP",709.875794653566
2022,"FK",2,3,99,"HHMMM",31,2,"ANPP",174.4
2022,"FK",2,3,99,"HHMMM",31,2,"BNPP",1068.85132742256
2022,"FK",2,3,99,"HHMMM",31,2,"totNPP",1243.25132742256
2022,"FK",3,1,0,"MLLMM",39,1,"ANPP",84.4
2022,"FK",3,1,0,"MLLMM",39,1,"BNPP",696.147084567665
2022,"FK",3,1,0,"MLLMM",39,1,"totNPP",780.547084567665
2022,"FK",3,1,0,"MLLMM",41,1,"ANPP",171.8
2022,"FK",3,1,0,"MLLMM",41,1,"BNPP",935.660703647979
2022,"FK",3,1,0,"MLLMM",41,1,"totNPP",1107.46070364798
2022,"FK",3,1,25,"MLLMM",38,1,"ANPP",159.55
2022,"FK",3,1,25,"MLLMM",38,1,"BNPP",550.618070987142
2022,"FK",3,1,25,"MLLMM",38,1,"totNPP",710.168070987142
2022,"FK",3,1,50,"MLLMM",42,1,"ANPP",103.95
2022,"FK",3,1,50,"MLLMM",42,1,"BNPP",484.646951728801
2022,"FK",3,1,50,"MLLMM",42,1,"totNPP",588.596951728801
2022,"FK",3,1,75,"MLLMM",37,1,"ANPP",109.3
2022,"FK",3,1,75,"MLLMM",37,1,"BNPP",660.119156250672
2022,"FK",3,1,75,"MLLMM",37,1,"totNPP",769.419156250672
2022,"FK",3,1,99,"MLLMM",40,1,"ANPP",175.45
2022,"FK",3,1,99,"MLLMM",40,1,"BNPP",587.458969099746
2022,"FK",3,1,99,"MLLMM",40,1,"totNPP",762.908969099746
2022,"FK",3,2,0,"MMMMM",43,1,"ANPP",178.65
2022,"FK",3,2,0,"MMMMM",43,1,"BNPP",489.92445045403
2022,"FK",3,2,0,"MMMMM",43,1,"totNPP",668.57445045403
2022,"FK",3,2,0,"MMMMM",48,1,"ANPP",149.35
2022,"FK",3,2,0,"MMMMM",48,1,"BNPP",849.357987692353
2022,"FK",3,2,0,"MMMMM",48,1,"totNPP",998.707987692353
2022,"FK",3,2,25,"MMMMM",44,1,"ANPP",105.05
2022,"FK",3,2,25,"MMMMM",44,1,"BNPP",641.098137489276
2022,"FK",3,2,25,"MMMMM",44,1,"totNPP",746.148137489276
2022,"FK",3,2,50,"MMMMM",45,1,"ANPP",330.7
2022,"FK",3,2,50,"MMMMM",45,1,"BNPP",1202.70850716717
2022,"FK",3,2,50,"MMMMM",45,1,"totNPP",1533.40850716717
2022,"FK",3,2,75,"MMMMM",46,1,"ANPP",84.95
2022,"FK",3,2,75,"MMMMM",46,1,"BNPP",534.464341263876
2022,"FK",3,2,75,"MMMMM",46,1,"totNPP",619.414341263876
2022,"FK",3,2,99,"MMMMM",47,1,"ANPP",243.85
2022,"FK",3,2,99,"MMMMM",47,1,"BNPP",775.781060895566
2022,"FK",3,2,99,"MMMMM",47,1,"totNPP",1019.63106089557
2022,"FK",3,3,0,"HHMMM",52,2,"ANPP",120.85
2022,"FK",3,3,0,"HHMMM",52,2,"BNPP",1653.88495005922
2022,"FK",3,3,0,"HHMMM",52,2,"totNPP",1774.73495005922
2022,"FK",3,3,0,"HHMMM",53,2,"ANPP",98.4
2022,"FK",3,3,0,"HHMMM",53,2,"BNPP",875.904588028017
2022,"FK",3,3,0,"HHMMM",53,2,"totNPP",974.304588028017
2022,"FK",3,3,25,"HHMMM",50,2,"ANPP",110.4
2022,"FK",3,3,25,"HHMMM",50,2,"BNPP",1199.84075745267
2022,"FK",3,3,25,"HHMMM",50,2,"totNPP",1310.24075745267
2022,"FK",3,3,50,"HHMMM",49,2,"ANPP",85.4
2022,"FK",3,3,50,"HHMMM",49,2,"BNPP",774.109187004741
2022,"FK",3,3,50,"HHMMM",49,2,"totNPP",859.509187004741
2022,"FK",3,3,75,"HHMMM",54,2,"ANPP",127.15
2022,"FK",3,3,75,"HHMMM",54,2,"BNPP",1009.45763201582
2022,"FK",3,3,75,"HHMMM",54,2,"totNPP",1136.60763201582
2022,"FK",3,3,99,"HHMMM",51,2,"ANPP",119.4
2022,"FK",3,3,99,"HHMMM",51,2,"BNPP",NA
2022,"FK",3,3,99,"HHMMM",51,2,"totNPP",NA
2023,"FK",1,1,0,"MMMMM",3,2,"ANPP",146.25
2023,"FK",1,1,0,"MMMMM",3,2,"BNPP",NA
2023,"FK",1,1,0,"MMMMM",3,2,"totNPP",NA
2023,"FK",1,1,0,"MMMMM",4,2,"ANPP",62.85
2023,"FK",1,1,0,"MMMMM",4,2,"BNPP",NA
2023,"FK",1,1,0,"MMMMM",4,2,"totNPP",NA
2023,"FK",1,1,25,"MMMMM",6,2,"ANPP",90.55
2023,"FK",1,1,25,"MMMMM",6,2,"BNPP",NA
2023,"FK",1,1,25,"MMMMM",6,2,"totNPP",NA
2023,"FK",1,1,50,"MMMMM",5,2,"ANPP",189.1
2023,"FK",1,1,50,"MMMMM",5,2,"BNPP",NA
2023,"FK",1,1,50,"MMMMM",5,2,"totNPP",NA
2023,"FK",1,1,75,"MMMMM",1,2,"ANPP",76.2
2023,"FK",1,1,75,"MMMMM",1,2,"BNPP",NA
2023,"FK",1,1,75,"MMMMM",1,2,"totNPP",NA
2023,"FK",1,1,99,"MMMMM",2,2,"ANPP",88.95
2023,"FK",1,1,99,"MMMMM",2,2,"BNPP",NA
2023,"FK",1,1,99,"MMMMM",2,2,"totNPP",NA
2023,"FK",1,2,0,"HHMMM",7,1,"ANPP",109.05
2023,"FK",1,2,0,"HHMMM",7,1,"BNPP",NA
2023,"FK",1,2,0,"HHMMM",7,1,"totNPP",NA
2023,"FK",1,2,0,"HHMMM",9,1,"ANPP",72.95
2023,"FK",1,2,0,"HHMMM",9,1,"BNPP",NA
2023,"FK",1,2,0,"HHMMM",9,1,"totNPP",NA
2023,"FK",1,2,25,"HHMMM",12,1,"ANPP",152.65
2023,"FK",1,2,25,"HHMMM",12,1,"BNPP",NA
2023,"FK",1,2,25,"HHMMM",12,1,"totNPP",NA
2023,"FK",1,2,50,"HHMMM",11,1,"ANPP",75.45
2023,"FK",1,2,50,"HHMMM",11,1,"BNPP",NA
2023,"FK",1,2,50,"HHMMM",11,1,"totNPP",NA
2023,"FK",1,2,75,"HHMMM",8,1,"ANPP",97.55
2023,"FK",1,2,75,"HHMMM",8,1,"BNPP",NA
2023,"FK",1,2,75,"HHMMM",8,1,"totNPP",NA
2023,"FK",1,2,99,"HHMMM",10,1,"ANPP",83.1
2023,"FK",1,2,99,"HHMMM",10,1,"BNPP",NA
2023,"FK",1,2,99,"HHMMM",10,1,"totNPP",NA
2023,"FK",1,3,0,"MLLMM",15,2,"ANPP",100.2
2023,"FK",1,3,0,"MLLMM",15,2,"BNPP",NA
2023,"FK",1,3,0,"MLLMM",15,2,"totNPP",NA
2023,"FK",1,3,0,"MLLMM",17,2,"ANPP",178.35
2023,"FK",1,3,0,"MLLMM",17,2,"BNPP",NA
2023,"FK",1,3,0,"MLLMM",17,2,"totNPP",NA
2023,"FK",1,3,25,"MLLMM",16,2,"ANPP",132.85
2023,"FK",1,3,25,"MLLMM",16,2,"BNPP",NA
2023,"FK",1,3,25,"MLLMM",16,2,"totNPP",NA
2023,"FK",1,3,50,"MLLMM",13,2,"ANPP",148.4
2023,"FK",1,3,50,"MLLMM",13,2,"BNPP",NA
2023,"FK",1,3,50,"MLLMM",13,2,"totNPP",NA
2023,"FK",1,3,75,"MLLMM",14,2,"ANPP",67.55
2023,"FK",1,3,75,"MLLMM",14,2,"BNPP",NA
2023,"FK",1,3,75,"MLLMM",14,2,"totNPP",NA
2023,"FK",1,3,99,"MLLMM",18,2,"ANPP",103.85
2023,"FK",1,3,99,"MLLMM",18,2,"BNPP",NA
2023,"FK",1,3,99,"MLLMM",18,2,"totNPP",NA
2023,"FK",2,1,0,"MLLMM",20,2,"ANPP",110.15
2023,"FK",2,1,0,"MLLMM",20,2,"BNPP",NA
2023,"FK",2,1,0,"MLLMM",20,2,"totNPP",NA
2023,"FK",2,1,0,"MLLMM",23,2,"ANPP",76.7
2023,"FK",2,1,0,"MLLMM",23,2,"BNPP",NA
2023,"FK",2,1,0,"MLLMM",23,2,"totNPP",NA
2023,"FK",2,1,25,"MLLMM",24,2,"ANPP",94.05
2023,"FK",2,1,25,"MLLMM",24,2,"BNPP",NA
2023,"FK",2,1,25,"MLLMM",24,2,"totNPP",NA
2023,"FK",2,1,50,"MLLMM",19,2,"ANPP",109.25
2023,"FK",2,1,50,"MLLMM",19,2,"BNPP",NA
2023,"FK",2,1,50,"MLLMM",19,2,"totNPP",NA
2023,"FK",2,1,75,"MLLMM",22,2,"ANPP",65.3
2023,"FK",2,1,75,"MLLMM",22,2,"BNPP",NA
2023,"FK",2,1,75,"MLLMM",22,2,"totNPP",NA
2023,"FK",2,1,99,"MLLMM",21,2,"ANPP",71.35
2023,"FK",2,1,99,"MLLMM",21,2,"BNPP",NA
2023,"FK",2,1,99,"MLLMM",21,2,"totNPP",NA
2023,"FK",2,2,0,"MMMMM",25,1,"ANPP",105.2
2023,"FK",2,2,0,"MMMMM",25,1,"BNPP",NA
2023,"FK",2,2,0,"MMMMM",25,1,"totNPP",NA
2023,"FK",2,2,0,"MMMMM",29,1,"ANPP",87.2
2023,"FK",2,2,0,"MMMMM",29,1,"BNPP",NA
2023,"FK",2,2,0,"MMMMM",29,1,"totNPP",NA
2023,"FK",2,2,25,"MMMMM",30,1,"ANPP",47.95
2023,"FK",2,2,25,"MMMMM",30,1,"BNPP",NA
2023,"FK",2,2,25,"MMMMM",30,1,"totNPP",NA
2023,"FK",2,2,50,"MMMMM",27,1,"ANPP",82.6
2023,"FK",2,2,50,"MMMMM",27,1,"BNPP",NA
2023,"FK",2,2,50,"MMMMM",27,1,"totNPP",NA
2023,"FK",2,2,75,"MMMMM",26,1,"ANPP",72.1
2023,"FK",2,2,75,"MMMMM",26,1,"BNPP",NA
2023,"FK",2,2,75,"MMMMM",26,1,"totNPP",NA
2023,"FK",2,2,99,"MMMMM",28,1,"ANPP",31.45
2023,"FK",2,2,99,"MMMMM",28,1,"BNPP",NA
2023,"FK",2,2,99,"MMMMM",28,1,"totNPP",NA
2023,"FK",2,3,0,"HHMMM",34,2,"ANPP",141.15
2023,"FK",2,3,0,"HHMMM",34,2,"BNPP",NA
2023,"FK",2,3,0,"HHMMM",34,2,"totNPP",NA
2023,"FK",2,3,0,"HHMMM",36,2,"ANPP",92.1
2023,"FK",2,3,0,"HHMMM",36,2,"BNPP",NA
2023,"FK",2,3,0,"HHMMM",36,2,"totNPP",NA
2023,"FK",2,3,25,"HHMMM",32,2,"ANPP",288.3
2023,"FK",2,3,25,"HHMMM",32,2,"BNPP",NA
2023,"FK",2,3,25,"HHMMM",32,2,"totNPP",NA
2023,"FK",2,3,50,"HHMMM",35,2,"ANPP",92.65
2023,"FK",2,3,50,"HHMMM",35,2,"BNPP",NA
2023,"FK",2,3,50,"HHMMM",35,2,"totNPP",NA
2023,"FK",2,3,75,"HHMMM",33,2,"ANPP",21.95
2023,"FK",2,3,75,"HHMMM",33,2,"BNPP",NA
2023,"FK",2,3,75,"HHMMM",33,2,"totNPP",NA
2023,"FK",2,3,99,"HHMMM",31,2,"ANPP",47.25
2023,"FK",2,3,99,"HHMMM",31,2,"BNPP",NA
2023,"FK",2,3,99,"HHMMM",31,2,"totNPP",NA
2023,"FK",3,1,0,"MLLMM",39,1,"ANPP",93.35
2023,"FK",3,1,0,"MLLMM",39,1,"BNPP",NA
2023,"FK",3,1,0,"MLLMM",39,1,"totNPP",NA
2023,"FK",3,1,0,"MLLMM",41,1,"ANPP",50.55
2023,"FK",3,1,0,"MLLMM",41,1,"BNPP",NA
2023,"FK",3,1,0,"MLLMM",41,1,"totNPP",NA
2023,"FK",3,1,25,"MLLMM",38,1,"ANPP",69.65
2023,"FK",3,1,25,"MLLMM",38,1,"BNPP",NA
2023,"FK",3,1,25,"MLLMM",38,1,"totNPP",NA
2023,"FK",3,1,50,"MLLMM",42,1,"ANPP",77.05
2023,"FK",3,1,50,"MLLMM",42,1,"BNPP",NA
2023,"FK",3,1,50,"MLLMM",42,1,"totNPP",NA
2023,"FK",3,1,75,"MLLMM",37,1,"ANPP",103.1
2023,"FK",3,1,75,"MLLMM",37,1,"BNPP",NA
2023,"FK",3,1,75,"MLLMM",37,1,"totNPP",NA
2023,"FK",3,1,99,"MLLMM",40,1,"ANPP",110.5
2023,"FK",3,1,99,"MLLMM",40,1,"BNPP",NA
2023,"FK",3,1,99,"MLLMM",40,1,"totNPP",NA
2023,"FK",3,2,0,"MMMMM",43,1,"ANPP",133.9
2023,"FK",3,2,0,"MMMMM",43,1,"BNPP",NA
2023,"FK",3,2,0,"MMMMM",43,1,"totNPP",NA
2023,"FK",3,2,0,"MMMMM",48,1,"ANPP",144.2
2023,"FK",3,2,0,"MMMMM",48,1,"BNPP",NA
2023,"FK",3,2,0,"MMMMM",48,1,"totNPP",NA
2023,"FK",3,2,25,"MMMMM",44,1,"ANPP",108.9
2023,"FK",3,2,25,"MMMMM",44,1,"BNPP",NA
2023,"FK",3,2,25,"MMMMM",44,1,"totNPP",NA
2023,"FK",3,2,50,"MMMMM",45,1,"ANPP",91.55
2023,"FK",3,2,50,"MMMMM",45,1,"BNPP",NA
2023,"FK",3,2,50,"MMMMM",45,1,"totNPP",NA
2023,"FK",3,2,75,"MMMMM",46,1,"ANPP",91.5
2023,"FK",3,2,75,"MMMMM",46,1,"BNPP",NA
2023,"FK",3,2,75,"MMMMM",46,1,"totNPP",NA
2023,"FK",3,2,99,"MMMMM",47,1,"ANPP",73.8
2023,"FK",3,2,99,"MMMMM",47,1,"BNPP",NA
2023,"FK",3,2,99,"MMMMM",47,1,"totNPP",NA
2023,"FK",3,3,0,"HHMMM",52,2,"ANPP",98.65
2023,"FK",3,3,0,"HHMMM",52,2,"BNPP",NA
2023,"FK",3,3,0,"HHMMM",52,2,"totNPP",NA
2023,"FK",3,3,0,"HHMMM",53,2,"ANPP",77.15
2023,"FK",3,3,0,"HHMMM",53,2,"BNPP",NA
2023,"FK",3,3,0,"HHMMM",53,2,"totNPP",NA
2023,"FK",3,3,25,"HHMMM",50,2,"ANPP",116
2023,"FK",3,3,25,"HHMMM",50,2,"BNPP",NA
2023,"FK",3,3,25,"HHMMM",50,2,"totNPP",NA
2023,"FK",3,3,50,"HHMMM",49,2,"ANPP",45.9
2023,"FK",3,3,50,"HHMMM",49,2,"BNPP",NA
2023,"FK",3,3,50,"HHMMM",49,2,"totNPP",NA
2023,"FK",3,3,75,"HHMMM",54,2,"ANPP",105.65
2023,"FK",3,3,75,"HHMMM",54,2,"BNPP",NA
2023,"FK",3,3,75,"HHMMM",54,2,"totNPP",NA
2023,"FK",3,3,99,"HHMMM",51,2,"ANPP",74.65
2023,"FK",3,3,99,"HHMMM",51,2,"BNPP",NA
2023,"FK",3,3,99,"HHMMM",51,2,"totNPP",NA
